ts_event,rtype,publisher_id,instrument_id,open,high,low,close,volume,symbol
2026-04-01 00:00:00+00:00,34,1,42004177,24235.0,24239.0,24215.0,24232.0,23,NQU6
2026-04-01 01:00:00+00:00,34,1,42004177,24191.0,24191.0,24191.0,24191.0,1,NQU6
2026-04-01 02:00:00+00:00,34,1,42004177,24199.5,24199.5,24178.0,24178.0,7,NQU6
2026-04-01 03:00:00+00:00,34,1,42004177,24185.5,24185.5,24180.5,24181.25,3,NQU6
2026-04-01 04:00:00+00:00,34,1,42004177,24196.0,24228.5,24189.25,24228.5,4,NQU6
2026-04-01 05:00:00+00:00,34,1,42004177,24223.5,24269.5,24223.5,24253.5,7,NQU6
2026-04-01 06:00:00+00:00,34,1,42004177,24261.0,24385.0,24258.0,24380.0,24,NQU6
2026-04-01 07:00:00+00:00,34,1,42004177,24360.25,24385.5,24293.5,24293.5,4,NQU6
2026-04-01 08:00:00+00:00,34,1,42004177,24280.25,24291.75,24244.75,24279.5,34,NQU6
2026-04-01 09:00:00+00:00,34,1,42004177,24281.75,24291.5,24230.5,24288.0,12,NQU6
2026-04-01 10:00:00+00:00,34,1,42004177,24279.75,24338.25,24265.25,24336.0,38,NQU6
2026-04-01 11:00:00+00:00,34,1,42004177,24341.75,24397.75,24341.75,24397.75,31,NQU6
2026-04-01 12:00:00+00:00,34,1,42004177,24400.5,24430.0,24260.25,24267.0,42,NQU6
2026-04-01 13:00:00+00:00,34,1,42004177,24270.25,24395.25,24254.25,24332.25,166,NQU6
2026-04-01 14:00:00+00:00,34,1,42004177,24343.75,24479.75,24339.0,24475.0,218,NQU6
2026-04-01 15:00:00+00:00,34,1,42004177,24467.75,24515.75,24450.25,24515.75,134,NQU6
2026-04-01 16:00:00+00:00,34,1,42004177,24526.0,24546.0,24509.0,24540.25,131,NQU6
2026-04-01 17:00:00+00:00,34,1,42004177,24550.0,24563.75,24484.25,24485.25,60,NQU6
2026-04-01 18:00:00+00:00,34,1,42004177,24474.75,24474.75,24341.5,24371.75,100,NQU6
2026-04-01 19:00:00+00:00,34,1,42004177,24394.0,24454.25,24394.0,24399.75,71,NQU6
2026-04-01 20:00:00+00:00,34,1,42004177,24418.5,24421.25,24398.0,24414.75,7,NQU6
2026-04-01 22:00:00+00:00,34,1,42004177,24391.25,24391.25,24390.5,24390.5,3,NQU6
2026-04-02 00:00:00+00:00,34,1,42004177,24435.75,24446.0,24435.75,24446.0,2,NQU6
2026-04-02 01:00:00+00:00,34,1,42004177,24358.0,24431.75,24128.75,24162.0,47,NQU6
2026-04-02 02:00:00+00:00,34,1,42004177,24151.5,24165.25,24078.75,24079.5,7,NQU6
2026-04-02 03:00:00+00:00,34,1,42004177,24076.0,24079.0,24036.0,24036.0,8,NQU6
2026-04-02 04:00:00+00:00,34,1,42004177,24025.25,24029.0,24014.5,24014.5,8,NQU6
2026-04-02 05:00:00+00:00,34,1,42004177,24009.75,24031.0,23973.75,23974.5,15,NQU6
2026-04-02 06:00:00+00:00,34,1,42004177,23999.0,24034.0,23971.25,24034.0,42,NQU6
2026-04-02 07:00:00+00:00,34,1,42004177,24032.75,24080.0,24032.75,24080.0,11,NQU6
2026-04-02 08:00:00+00:00,34,1,42004177,24088.0,24088.0,24040.5,24058.0,6,NQU6
2026-04-02 09:00:00+00:00,34,1,42004177,24043.75,24072.5,24041.25,24045.5,10,NQU6
2026-04-02 10:00:00+00:00,34,1,42004177,24016.25,24023.0,23989.75,24023.0,13,NQU6
2026-04-02 11:00:00+00:00,34,1,42004177,23984.25,23984.25,23914.25,23938.75,45,NQU6
2026-04-02 12:00:00+00:00,34,1,42004177,23898.75,23961.0,23887.0,23941.75,37,NQU6
2026-04-02 13:00:00+00:00,34,1,42004177,23940.75,24110.5,23895.25,24108.5,148,NQU6
2026-04-02 14:00:00+00:00,34,1,42004177,24109.5,24476.25,24089.5,24392.5,498,NQU6
2026-04-02 15:00:00+00:00,34,1,42004177,24367.25,24425.75,24311.75,24311.75,58,NQU6
2026-04-02 16:00:00+00:00,34,1,42004177,24346.75,24379.25,24274.0,24360.0,98,NQU6
2026-04-02 17:00:00+00:00,34,1,42004177,24321.25,24395.0,24289.75,24308.75,36,NQU6
2026-04-02 18:00:00+00:00,34,1,42004177,24311.75,24372.0,24311.75,24372.0,18,NQU6
2026-04-02 19:00:00+00:00,34,1,42004177,24367.0,24440.25,24367.0,24440.25,23,NQU6
2026-04-02 20:00:00+00:00,34,1,42004177,24429.75,24442.5,24429.75,24442.25,4,NQU6
2026-04-03 00:00:00+00:00,34,1,42004177,24454.25,24454.25,24454.25,24454.25,1,NQU6
2026-04-03 02:00:00+00:00,34,1,42004177,24416.25,24425.0,24383.5,24386.0,12,NQU6
2026-04-03 12:00:00+00:00,34,1,42004177,24396.25,24423.25,24342.25,24342.25,6,NQU6
2026-04-03 13:00:00+00:00,34,1,42004177,24326.0,24326.0,24326.0,24326.0,1,NQU6
2026-04-05 22:00:00+00:00,34,1,42004177,24299.0,24299.0,24210.0,24246.25,17,NQU6
2026-04-05 23:00:00+00:00,34,1,42004177,24300.25,24300.25,24300.25,24300.25,1,NQU6
2026-04-06 00:00:00+00:00,34,1,42004177,24354.5,24422.0,24354.5,24422.0,8,NQU6
2026-04-06 01:00:00+00:00,34,1,42004177,24427.75,24434.0,24401.5,24407.75,12,NQU6
2026-04-06 02:00:00+00:00,34,1,42004177,24436.0,24519.0,24436.0,24443.75,12,NQU6
2026-04-06 03:00:00+00:00,34,1,42004177,24421.0,24421.0,24388.25,24388.25,3,NQU6
2026-04-06 04:00:00+00:00,34,1,42004177,24457.75,24457.75,24457.75,24457.75,1,NQU6
2026-04-06 05:00:00+00:00,34,1,42004177,24473.5,24473.5,24473.5,24473.5,1,NQU6
2026-04-06 06:00:00+00:00,34,1,42004177,24437.25,24505.0,24437.25,24505.0,6,NQU6
2026-04-06 08:00:00+00:00,34,1,42004177,24547.75,24595.25,24547.75,24595.25,23,NQU6
2026-04-06 09:00:00+00:00,34,1,42004177,24600.0,24608.0,24549.5,24549.5,7,NQU6
2026-04-06 10:00:00+00:00,34,1,42004177,24543.0,24563.25,24487.25,24495.75,18,NQU6
2026-04-06 12:00:00+00:00,34,1,42004177,24518.0,24518.0,24518.0,24518.0,2,NQU6
2026-04-06 13:00:00+00:00,34,1,42004177,24503.5,24625.0,24470.25,24621.0,189,NQU6
2026-04-06 14:00:00+00:00,34,1,42004177,24600.25,24657.25,24480.0,24506.75,108,NQU6
2026-04-06 15:00:00+00:00,34,1,42004177,24530.25,24530.25,24493.0,24524.75,35,NQU6
2026-04-06 16:00:00+00:00,34,1,42004177,24532.0,24560.5,24498.0,24527.75,34,NQU6
2026-04-06 17:00:00+00:00,34,1,42004177,24493.0,24545.5,24430.0,24494.75,58,NQU6
2026-04-06 18:00:00+00:00,34,1,42004177,24480.25,24571.0,24471.25,24560.25,54,NQU6
2026-04-06 19:00:00+00:00,34,1,42004177,24558.5,24586.25,24544.25,24567.75,19,NQU6
2026-04-06 20:00:00+00:00,34,1,42004177,24578.75,24583.0,24556.75,24556.75,9,NQU6
2026-04-06 22:00:00+00:00,34,1,42004177,24566.5,24566.5,24537.75,24537.75,2,NQU6
2026-04-07 01:00:00+00:00,34,1,42004177,24509.0,24509.0,24395.5,24395.5,5,NQU6
2026-04-07 02:00:00+00:00,34,1,42004177,24380.0,24407.5,24380.0,24407.5,5,NQU6
2026-04-07 04:00:00+00:00,34,1,42004177,24457.25,24464.5,24457.25,24464.5,2,NQU6
2026-04-07 05:00:00+00:00,34,1,42004177,24461.0,24461.0,24423.25,24423.25,3,NQU6
2026-04-07 06:00:00+00:00,34,1,42004177,24434.25,24456.5,24434.25,24456.5,2,NQU6
2026-04-07 07:00:00+00:00,34,1,42004177,24470.25,24470.25,24424.25,24465.5,5,NQU6
2026-04-07 08:00:00+00:00,34,1,42004177,24504.5,24567.25,24483.25,24548.25,13,NQU6
2026-04-07 09:00:00+00:00,34,1,42004177,24572.75,24640.0,24572.75,24597.75,63,NQU6
2026-04-07 10:00:00+00:00,34,1,42004177,24600.0,24600.0,24412.5,24436.25,54,NQU6
2026-04-07 11:00:00+00:00,34,1,42004177,24427.5,24467.25,24416.75,24422.5,13,NQU6
2026-04-07 12:00:00+00:00,34,1,42004177,24406.25,24495.75,24361.5,24456.75,30,NQU6
2026-04-07 13:00:00+00:00,34,1,42004177,24456.5,24519.5,24355.75,24355.75,97,NQU6
2026-04-07 14:00:00+00:00,34,1,42004177,24337.75,24359.25,24213.5,24225.25,1105,NQU6
2026-04-07 15:00:00+00:00,34,1,42004177,24211.5,24350.0,24168.0,24325.0,432,NQU6
2026-04-07 16:00:00+00:00,34,1,42004177,24330.0,24454.5,24330.0,24420.0,190,NQU6
2026-04-07 17:00:00+00:00,34,1,42004177,24416.5,24500.25,24389.25,24443.25,193,NQU6
2026-04-07 18:00:00+00:00,34,1,42004177,24443.25,24443.25,24292.5,24317.5,238,NQU6
2026-04-07 19:00:00+00:00,34,1,42004177,24303.75,24599.0,24303.75,24597.5,219,NQU6
2026-04-07 20:00:00+00:00,34,1,42004177,24588.0,24663.25,24564.5,24615.75,25,NQU6
2026-04-07 22:00:00+00:00,34,1,42004177,24819.0,25120.75,24677.0,25120.75,55,NQU6
2026-04-07 23:00:00+00:00,34,1,42004177,25159.75,25282.75,25141.25,25276.25,54,NQU6
2026-04-08 00:00:00+00:00,34,1,42004177,25310.0,25320.0,25240.75,25307.75,45,NQU6
2026-04-08 01:00:00+00:00,34,1,42004177,25313.25,25327.25,25271.5,25327.25,11,NQU6
2026-04-08 02:00:00+00:00,34,1,42004177,25326.5,25336.75,25324.0,25325.0,12,NQU6
2026-04-08 03:00:00+00:00,34,1,42004177,25343.75,25343.75,25319.0,25322.75,7,NQU6
2026-04-08 04:00:00+00:00,34,1,42004177,25339.25,25378.0,25339.25,25378.0,5,NQU6
2026-04-08 05:00:00+00:00,34,1,42004177,25383.75,25417.75,25375.25,25415.75,10,NQU6
2026-04-08 06:00:00+00:00,34,1,42004177,25426.5,25426.5,25400.0,25402.5,6,NQU6
2026-04-08 07:00:00+00:00,34,1,42004177,25378.0,25412.75,25367.5,25367.5,46,NQU6
2026-04-08 08:00:00+00:00,34,1,42004177,25378.0,25411.0,25378.0,25409.5,10,NQU6
2026-04-08 09:00:00+00:00,34,1,42004177,25430.0,25441.5,25411.75,25438.75,10,NQU6
2026-04-08 10:00:00+00:00,34,1,42004177,25432.75,25452.0,25432.75,25452.0,2,NQU6
2026-04-08 11:00:00+00:00,34,1,42004177,25420.0,25456.0,25414.5,25434.0,10,NQU6
2026-04-08 12:00:00+00:00,34,1,42004177,25458.5,25463.0,25386.5,25435.75,43,NQU6
2026-04-08 13:00:00+00:00,34,1,42004177,25450.0,25465.75,25293.0,25317.25,265,NQU6
2026-04-08 14:00:00+00:00,34,1,42004177,25312.75,25319.25,25158.0,25221.75,112,NQU6
2026-04-08 15:00:00+00:00,34,1,42004177,25211.25,25307.0,25211.25,25305.25,33,NQU6
2026-04-08 16:00:00+00:00,34,1,42004177,25340.25,25360.75,25289.25,25360.75,21,NQU6
2026-04-08 17:00:00+00:00,34,1,42004177,25371.5,25378.25,25301.75,25316.5,23,NQU6
2026-04-08 18:00:00+00:00,34,1,42004177,25308.25,25354.5,25181.25,25181.25,30,NQU6
2026-04-08 19:00:00+00:00,34,1,42004177,25186.0,25318.25,25186.0,25311.75,63,NQU6
2026-04-08 20:00:00+00:00,34,1,42004177,25314.25,25321.25,25268.25,25268.25,6,NQU6
2026-04-08 22:00:00+00:00,34,1,42004177,25252.75,25252.75,25252.75,25252.75,1,NQU6
2026-04-08 23:00:00+00:00,34,1,42004177,25272.75,25272.75,25272.75,25272.75,1,NQU6
2026-04-09 00:00:00+00:00,34,1,42004177,25242.0,25242.0,25242.0,25242.0,2,NQU6
2026-04-09 01:00:00+00:00,34,1,42004177,25235.25,25235.25,25205.25,25234.75,8,NQU6
2026-04-09 02:00:00+00:00,34,1,42004177,25256.25,25259.5,25250.75,25259.5,3,NQU6
2026-04-09 03:00:00+00:00,34,1,42004177,25249.0,25249.0,25249.0,25249.0,1,NQU6
2026-04-09 05:00:00+00:00,34,1,42004177,25230.0,25253.5,25230.0,25253.5,5,NQU6
2026-04-09 06:00:00+00:00,34,1,42004177,25253.75,25253.75,25253.75,25253.75,1,NQU6
2026-04-09 07:00:00+00:00,34,1,42004177,25272.25,25272.25,25191.25,25195.0,234,NQU6
2026-04-09 08:00:00+00:00,34,1,42004177,25203.25,25206.75,25180.75,25206.75,14,NQU6
2026-04-09 09:00:00+00:00,34,1,42004177,25190.75,25228.75,25190.75,25228.75,2,NQU6
2026-04-09 10:00:00+00:00,34,1,42004177,25241.5,25241.5,25231.0,25234.75,5,NQU6
2026-04-09 11:00:00+00:00,34,1,42004177,25210.75,25259.25,25205.75,25259.25,17,NQU6
2026-04-09 12:00:00+00:00,34,1,42004177,25245.0,25284.75,25245.0,25250.0,16,NQU6
2026-04-09 13:00:00+00:00,34,1,42004177,25267.0,25328.0,25240.0,25254.5,75,NQU6
2026-04-09 14:00:00+00:00,34,1,42004177,25256.25,25277.75,25189.5,25261.5,123,NQU6
2026-04-09 15:00:00+00:00,34,1,42004177,25263.75,25422.0,25260.0,25422.0,110,NQU6
2026-04-09 16:00:00+00:00,34,1,42004177,25430.0,25490.0,25396.0,25426.0,42,NQU6
2026-04-09 17:00:00+00:00,34,1,42004177,25434.5,25478.25,25420.0,25446.25,34,NQU6
2026-04-09 18:00:00+00:00,34,1,42004177,25453.0,25453.0,25374.5,25404.0,49,NQU6
2026-04-09 19:00:00+00:00,34,1,42004177,25421.75,25496.75,25421.75,25485.0,55,NQU6
2026-04-09 20:00:00+00:00,34,1,42004177,25479.75,25479.75,25451.5,25473.75,5,NQU6
2026-04-09 22:00:00+00:00,34,1,42004177,25463.5,25476.25,25434.0,25434.0,14,NQU6
2026-04-09 23:00:00+00:00,34,1,42004177,25457.25,25457.25,25457.25,25457.25,1,NQU6
2026-04-10 00:00:00+00:00,34,1,42004177,25438.25,25500.0,25438.25,25500.0,3,NQU6
2026-04-10 01:00:00+00:00,34,1,42004177,25493.0,25493.0,25493.0,25493.0,1,NQU6
2026-04-10 02:00:00+00:00,34,1,42004177,25495.0,25495.0,25488.25,25488.25,2,NQU6
2026-04-10 03:00:00+00:00,34,1,42004177,25523.0,25523.0,25523.0,25523.0,1,NQU6
2026-04-10 04:00:00+00:00,34,1,42004177,25510.25,25510.25,25504.5,25509.25,3,NQU6
2026-04-10 05:00:00+00:00,34,1,42004177,25512.0,25512.0,25496.5,25496.5,3,NQU6
2026-04-10 06:00:00+00:00,34,1,42004177,25468.0,25468.0,25468.0,25468.0,2,NQU6
2026-04-10 07:00:00+00:00,34,1,42004177,25470.75,25472.0,25470.75,25472.0,4,NQU6
2026-04-10 08:00:00+00:00,34,1,42004177,25451.75,25452.0,25431.25,25431.25,5,NQU6
2026-04-10 09:00:00+00:00,34,1,42004177,25439.75,25488.5,25439.75,25487.5,14,NQU6
2026-04-10 10:00:00+00:00,34,1,42004177,25508.0,25508.0,25496.0,25496.0,3,NQU6
2026-04-10 11:00:00+00:00,34,1,42004177,25515.5,25515.5,25515.5,25515.5,1,NQU6
2026-04-10 12:00:00+00:00,34,1,42004177,25550.0,25580.0,25529.5,25541.0,22,NQU6
2026-04-10 13:00:00+00:00,34,1,42004177,25525.5,25596.0,25522.5,25568.25,53,NQU6
2026-04-10 14:00:00+00:00,34,1,42004177,25520.0,25596.75,25499.0,25580.75,80,NQU6
2026-04-10 15:00:00+00:00,34,1,42004177,25577.5,25608.0,25481.0,25481.5,59,NQU6
2026-04-10 16:00:00+00:00,34,1,42004177,25492.25,25526.75,25458.25,25489.0,42,NQU6
2026-04-10 17:00:00+00:00,34,1,42004177,25483.0,25503.0,25460.0,25501.75,13,NQU6
2026-04-10 18:00:00+00:00,34,1,42004177,25498.0,25505.5,25470.0,25486.25,13,NQU6
2026-04-10 19:00:00+00:00,34,1,42004177,25495.0,25512.25,25487.0,25507.25,24,NQU6
2026-04-10 20:00:00+00:00,34,1,42004177,25510.5,25550.0,25510.5,25550.0,12,NQU6
2026-04-12 22:00:00+00:00,34,1,42004177,25389.5,25389.5,25161.75,25166.25,37,NQU6
2026-04-12 23:00:00+00:00,34,1,42004177,25182.25,25208.0,25159.25,25208.0,8,NQU6
2026-04-13 00:00:00+00:00,34,1,42004177,25212.5,25281.0,25212.5,25281.0,18,NQU6
2026-04-13 01:00:00+00:00,34,1,42004177,25294.0,25306.5,25279.0,25300.0,13,NQU6
2026-04-13 02:00:00+00:00,34,1,42004177,25308.75,25308.75,25306.0,25306.0,3,NQU6
2026-04-13 03:00:00+00:00,34,1,42004177,25289.5,25289.5,25288.25,25288.25,2,NQU6
2026-04-13 04:00:00+00:00,34,1,42004177,25283.0,25319.25,25283.0,25309.25,6,NQU6
2026-04-13 05:00:00+00:00,34,1,42004177,25303.0,25315.0,25288.0,25306.5,9,NQU6
2026-04-13 06:00:00+00:00,34,1,42004177,25316.75,25339.0,25306.25,25339.0,10,NQU6
2026-04-13 07:00:00+00:00,34,1,42004177,25340.25,25340.25,25340.25,25340.25,1,NQU6
2026-04-13 08:00:00+00:00,34,1,42004177,25337.0,25346.75,25316.0,25330.5,13,NQU6
2026-04-13 09:00:00+00:00,34,1,42004177,25339.75,25351.25,25339.75,25343.0,4,NQU6
2026-04-13 10:00:00+00:00,34,1,42004177,25343.5,25367.25,25343.5,25367.25,5,NQU6
2026-04-13 11:00:00+00:00,34,1,42004177,25386.0,25393.25,25326.0,25326.0,7,NQU6
2026-04-13 12:00:00+00:00,34,1,42004177,25310.0,25397.75,25301.0,25392.25,23,NQU6
2026-04-13 13:00:00+00:00,34,1,42004177,25402.0,25540.0,25387.75,25540.0,167,NQU6
2026-04-13 14:00:00+00:00,34,1,42004177,25480.5,25587.0,25479.5,25582.5,114,NQU6
2026-04-13 15:00:00+00:00,34,1,42004177,25546.25,25579.75,25530.0,25550.0,54,NQU6
2026-04-13 16:00:00+00:00,34,1,42004177,25530.5,25666.75,25522.0,25627.5,120,NQU6
2026-04-13 17:00:00+00:00,34,1,42004177,25642.25,25667.0,25633.75,25643.0,27,NQU6
2026-04-13 18:00:00+00:00,34,1,42004177,25647.5,25678.5,25642.0,25678.5,9,NQU6
2026-04-13 19:00:00+00:00,34,1,42004177,25680.0,25778.0,25675.0,25776.25,32,NQU6
2026-04-13 20:00:00+00:00,34,1,42004177,25780.5,25822.0,25773.75,25822.0,17,NQU6
2026-04-13 22:00:00+00:00,34,1,42004177,25802.25,25830.0,25802.25,25829.5,10,NQU6
2026-04-13 23:00:00+00:00,34,1,42004177,25835.0,25848.75,25825.0,25825.0,14,NQU6
2026-04-14 00:00:00+00:00,34,1,42004177,25807.5,25824.0,25800.0,25824.0,9,NQU6
2026-04-14 01:00:00+00:00,34,1,42004177,25819.5,25825.0,25816.75,25816.75,8,NQU6
2026-04-14 02:00:00+00:00,34,1,42004177,25811.75,25827.5,25811.75,25827.5,6,NQU6
2026-04-14 05:00:00+00:00,34,1,42004177,25817.5,25817.5,25806.0,25806.0,3,NQU6
2026-04-14 06:00:00+00:00,34,1,42004177,25807.0,25820.0,25800.0,25820.0,3,NQU6
2026-04-14 07:00:00+00:00,34,1,42004177,25826.75,25876.0,25826.75,25867.0,12,NQU6
2026-04-14 08:00:00+00:00,34,1,42004177,25857.0,25894.0,25857.0,25894.0,26,NQU6
2026-04-14 09:00:00+00:00,34,1,42004177,25878.25,25880.0,25871.0,25871.0,4,NQU6
2026-04-14 10:00:00+00:00,34,1,42004177,25882.75,25882.75,25865.0,25865.0,6,NQU6
2026-04-14 11:00:00+00:00,34,1,42004177,25889.75,25927.5,25887.0,25904.0,20,NQU6
2026-04-14 12:00:00+00:00,34,1,42004177,25912.0,25928.0,25898.0,25904.75,28,NQU6
2026-04-14 13:00:00+00:00,34,1,42004177,25914.25,25996.0,25894.5,25954.25,71,NQU6
2026-04-14 14:00:00+00:00,34,1,42004177,25967.0,26051.75,25967.0,26039.0,71,NQU6
2026-04-14 15:00:00+00:00,34,1,42004177,26037.75,26132.0,26005.75,26114.0,52,NQU6
2026-04-14 16:00:00+00:00,34,1,42004177,26119.0,26170.5,26116.25,26149.0,33,NQU6
2026-04-14 17:00:00+00:00,34,1,42004177,26165.0,26205.0,26152.0,26192.0,20,NQU6
2026-04-14 18:00:00+00:00,34,1,42004177,26195.0,26195.0,26124.25,26155.0,23,NQU6
2026-04-14 19:00:00+00:00,34,1,42004177,26164.75,26242.75,26162.0,26242.75,51,NQU6
2026-04-14 20:00:00+00:00,34,1,42004177,26235.0,26236.5,26212.0,26235.0,13,NQU6
2026-04-14 22:00:00+00:00,34,1,42004177,26250.25,26250.25,26243.75,26243.75,3,NQU6
2026-04-14 23:00:00+00:00,34,1,42004177,26249.0,26260.0,26249.0,26260.0,4,NQU6
2026-04-15 02:00:00+00:00,34,1,42004177,26260.25,26260.25,26233.0,26233.0,3,NQU6
2026-04-15 03:00:00+00:00,34,1,42004177,26236.75,26236.75,26236.5,26236.5,2,NQU6
2026-04-15 04:00:00+00:00,34,1,42004177,26258.0,26258.0,26249.75,26249.75,2,NQU6
2026-04-15 05:00:00+00:00,34,1,42004177,26266.25,26271.0,26206.75,26216.75,7,NQU6
2026-04-15 06:00:00+00:00,34,1,42004177,26218.75,26230.5,26218.75,26230.5,4,NQU6
2026-04-15 07:00:00+00:00,34,1,42004177,26235.0,26235.0,26221.75,26221.75,3,NQU6
2026-04-15 08:00:00+00:00,34,1,42004177,26253.0,26271.0,26242.75,26271.0,6,NQU6
2026-04-15 09:00:00+00:00,34,1,42004177,26272.25,26272.25,26220.5,26220.5,9,NQU6
2026-04-15 10:00:00+00:00,34,1,42004177,26205.0,26210.0,26187.25,26210.0,7,NQU6
2026-04-15 11:00:00+00:00,34,1,42004177,26226.0,26278.0,26221.25,26240.5,33,NQU6
2026-04-15 12:00:00+00:00,34,1,42004177,26230.5,26238.75,26206.25,26235.0,26,NQU6
2026-04-15 13:00:00+00:00,34,1,42004177,26223.0,26301.0,26222.5,26301.0,103,NQU6
2026-04-15 14:00:00+00:00,34,1,42004177,26308.0,26414.5,26293.0,26406.0,51,NQU6
2026-04-15 15:00:00+00:00,34,1,42004177,26395.0,26455.0,26384.25,26443.0,69,NQU6
2026-04-15 16:00:00+00:00,34,1,42004177,26435.0,26487.0,26350.0,26379.0,59,NQU6
2026-04-15 17:00:00+00:00,34,1,42004177,26386.0,26441.5,26386.0,26439.0,22,NQU6
2026-04-15 18:00:00+00:00,34,1,42004177,26438.5,26563.5,26426.75,26563.5,26,NQU6
2026-04-15 19:00:00+00:00,34,1,42004177,26540.0,26612.25,26535.75,26604.25,53,NQU6
2026-04-15 20:00:00+00:00,34,1,42004177,26606.25,26606.75,26575.0,26606.75,32,NQU6
2026-04-15 22:00:00+00:00,34,1,42004177,26585.5,26608.0,26585.5,26608.0,2,NQU6
2026-04-15 23:00:00+00:00,34,1,42004177,26632.0,26662.5,26632.0,26650.0,12,NQU6
2026-04-16 00:00:00+00:00,34,1,42004177,26650.75,26684.5,26650.75,26684.5,11,NQU6
2026-04-16 01:00:00+00:00,34,1,42004177,26671.0,26690.5,26661.5,26689.0,32,NQU6
2026-04-16 02:00:00+00:00,34,1,42004177,26689.0,26696.75,26689.0,26696.75,2,NQU6
2026-04-16 03:00:00+00:00,34,1,42004177,26698.75,26698.75,26690.0,26690.75,4,NQU6
2026-04-16 04:00:00+00:00,34,1,42004177,26675.0,26675.0,26673.25,26673.25,3,NQU6
2026-04-16 05:00:00+00:00,34,1,42004177,26670.25,26701.25,26668.5,26701.25,8,NQU6
2026-04-16 06:00:00+00:00,34,1,42004177,26713.25,26722.0,26713.25,26722.0,2,NQU6
2026-04-16 07:00:00+00:00,34,1,42004177,26714.0,26714.25,26714.0,26714.25,3,NQU6
2026-04-16 08:00:00+00:00,34,1,42004177,26680.75,26680.75,26669.25,26669.25,6,NQU6
2026-04-16 09:00:00+00:00,34,1,42004177,26687.5,26695.5,26687.5,26695.5,8,NQU6
2026-04-16 10:00:00+00:00,34,1,42004177,26650.0,26650.0,26620.0,26645.75,6,NQU6
2026-04-16 11:00:00+00:00,34,1,42004177,26658.25,26665.0,26625.0,26665.0,9,NQU6
2026-04-16 12:00:00+00:00,34,1,42004177,26666.25,26670.0,26634.0,26649.25,8,NQU6
2026-04-16 13:00:00+00:00,34,1,42004177,26659.0,26686.5,26540.0,26563.25,82,NQU6
2026-04-16 14:00:00+00:00,34,1,42004177,26563.75,26658.25,26539.0,26635.25,51,NQU6
2026-04-16 15:00:00+00:00,34,1,42004177,26657.25,26779.0,26657.25,26775.0,88,NQU6
2026-04-16 16:00:00+00:00,34,1,42004177,26775.0,26803.25,26678.25,26730.0,35,NQU6
2026-04-16 17:00:00+00:00,34,1,42004177,26705.25,26737.5,26680.0,26680.0,35,NQU6
2026-04-16 18:00:00+00:00,34,1,42004177,26692.25,26714.5,26617.0,26687.75,29,NQU6
2026-04-16 19:00:00+00:00,34,1,42004177,26690.0,26729.5,26677.75,26725.25,24,NQU6
2026-04-16 20:00:00+00:00,34,1,42004177,26726.25,26726.25,26683.5,26700.0,18,NQU6
2026-04-16 22:00:00+00:00,34,1,42004177,26685.75,26719.0,26685.75,26719.0,2,NQU6
2026-04-16 23:00:00+00:00,34,1,42004177,26714.0,26722.75,26714.0,26721.0,4,NQU6
2026-04-17 00:00:00+00:00,34,1,42004177,26725.25,26734.75,26725.25,26734.75,3,NQU6
2026-04-17 01:00:00+00:00,34,1,42004177,26724.5,26734.0,26724.5,26732.0,4,NQU6
2026-04-17 02:00:00+00:00,34,1,42004177,26710.0,26710.0,26708.0,26708.0,2,NQU6
2026-04-17 03:00:00+00:00,34,1,42004177,26698.0,26698.0,26690.25,26690.25,5,NQU6
2026-04-17 05:00:00+00:00,34,1,42004177,26692.0,26692.0,26692.0,26692.0,1,NQU6
2026-04-17 06:00:00+00:00,34,1,42004177,26708.0,26708.0,26708.0,26708.0,1,NQU6
2026-04-17 07:00:00+00:00,34,1,42004177,26717.75,26733.75,26717.75,26730.0,6,NQU6
2026-04-17 08:00:00+00:00,34,1,42004177,26742.5,26742.5,26731.25,26731.25,2,NQU6
2026-04-17 09:00:00+00:00,34,1,42004177,26762.75,26764.5,26757.5,26759.25,5,NQU6
2026-04-17 10:00:00+00:00,34,1,42004177,26784.75,26785.0,26763.25,26763.25,5,NQU6
2026-04-17 11:00:00+00:00,34,1,42004177,26785.75,26807.0,26785.75,26807.0,4,NQU6
2026-04-17 12:00:00+00:00,34,1,42004177,26825.0,26956.25,26820.0,26947.25,46,NQU6
2026-04-17 13:00:00+00:00,34,1,42004177,26963.0,27053.25,26874.0,26946.75,119,NQU6
2026-04-17 14:00:00+00:00,34,1,42004177,26968.0,27096.0,26968.0,27072.0,89,NQU6
2026-04-17 15:00:00+00:00,34,1,42004177,27074.0,27111.0,27049.75,27049.75,39,NQU6
2026-04-17 16:00:00+00:00,34,1,42004177,27041.25,27123.25,27041.25,27106.0,49,NQU6
2026-04-17 17:00:00+00:00,34,1,42004177,27110.5,27117.0,26988.5,27059.5,65,NQU6
2026-04-17 18:00:00+00:00,34,1,42004177,27047.0,27051.0,26999.5,27025.0,34,NQU6
2026-04-17 19:00:00+00:00,34,1,42004177,27026.25,27068.5,27005.0,27068.5,31,NQU6
2026-04-17 20:00:00+00:00,34,1,42004177,27069.25,27086.25,27069.25,27086.25,7,NQU6
2026-04-19 22:00:00+00:00,34,1,42004177,26815.0,26910.0,26815.0,26910.0,49,NQU6
2026-04-19 23:00:00+00:00,34,1,42004177,26915.0,26915.0,26894.0,26894.0,7,NQU6
2026-04-20 00:00:00+00:00,34,1,42004177,26875.0,26905.0,26865.0,26905.0,7,NQU6
2026-04-20 01:00:00+00:00,34,1,42004177,26925.0,26939.0,26925.0,26939.0,7,NQU6
2026-04-20 02:00:00+00:00,34,1,42004177,26935.0,26937.5,26929.25,26930.5,5,NQU6
2026-04-20 03:00:00+00:00,34,1,42004177,26917.75,26917.75,26917.75,26917.75,1,NQU6
2026-04-20 04:00:00+00:00,34,1,42004177,26905.75,26920.75,26898.25,26920.75,6,NQU6
2026-04-20 05:00:00+00:00,34,1,42004177,26905.0,26905.0,26876.25,26876.25,5,NQU6
2026-04-20 06:00:00+00:00,34,1,42004177,26889.25,26935.0,26889.25,26919.0,7,NQU6
2026-04-20 07:00:00+00:00,34,1,42004177,26947.0,26947.25,26897.75,26905.0,18,NQU6
2026-04-20 08:00:00+00:00,34,1,42004177,26892.75,26940.0,26871.0,26938.0,12,NQU6
2026-04-20 09:00:00+00:00,34,1,42004177,26952.75,26957.0,26940.25,26940.25,4,NQU6
2026-04-20 10:00:00+00:00,34,1,42004177,26964.0,26964.0,26964.0,26964.0,1,NQU6
2026-04-20 11:00:00+00:00,34,1,42004177,26937.25,26950.25,26925.0,26948.0,11,NQU6
2026-04-20 12:00:00+00:00,34,1,42004177,26957.25,27015.0,26950.0,27005.0,8,NQU6
2026-04-20 13:00:00+00:00,34,1,42004177,26992.75,27057.5,26981.25,27032.5,32,NQU6
2026-04-20 14:00:00+00:00,34,1,42004177,27026.75,27026.75,26865.0,26880.0,74,NQU6
2026-04-20 15:00:00+00:00,34,1,42004177,26896.0,26942.0,26816.0,26896.5,64,NQU6
2026-04-20 16:00:00+00:00,34,1,42004177,26883.75,26938.25,26883.75,26917.25,15,NQU6
2026-04-20 17:00:00+00:00,34,1,42004177,26950.0,26970.5,26930.0,26950.75,20,NQU6
2026-04-20 18:00:00+00:00,34,1,42004177,26947.5,26990.0,26944.75,26987.25,30,NQU6
2026-04-20 19:00:00+00:00,34,1,42004177,26981.75,26990.0,26967.25,26990.0,10,NQU6
2026-04-20 20:00:00+00:00,34,1,42004177,27007.5,27040.0,27007.5,27040.0,2,NQU6
2026-04-20 22:00:00+00:00,34,1,42004177,27050.0,27050.0,27050.0,27050.0,1,NQU6
2026-04-20 23:00:00+00:00,34,1,42004177,27052.0,27052.0,27040.0,27040.0,2,NQU6
2026-04-21 00:00:00+00:00,34,1,42004177,27044.5,27058.25,27044.0,27058.0,7,NQU6
2026-04-21 01:00:00+00:00,34,1,42004177,27052.5,27052.5,27052.5,27052.5,1,NQU6
2026-04-21 03:00:00+00:00,34,1,42004177,27049.0,27050.0,27049.0,27050.0,2,NQU6
2026-04-21 04:00:00+00:00,34,1,42004177,27070.0,27070.0,27070.0,27070.0,1,NQU6
2026-04-21 05:00:00+00:00,34,1,42004177,27078.5,27078.5,27064.75,27064.75,4,NQU6
2026-04-21 06:00:00+00:00,34,1,42004177,27072.25,27090.75,27072.25,27089.25,3,NQU6
2026-04-21 07:00:00+00:00,34,1,42004177,27066.0,27070.0,27066.0,27070.0,2,NQU6
2026-04-21 08:00:00+00:00,34,1,42004177,27045.25,27094.0,27045.25,27094.0,2,NQU6
2026-04-21 09:00:00+00:00,34,1,42004177,27071.0,27080.0,27064.0,27080.0,6,NQU6
2026-04-21 10:00:00+00:00,34,1,42004177,27085.0,27118.0,27085.0,27118.0,4,NQU6
2026-04-21 11:00:00+00:00,34,1,42004177,27118.25,27143.25,27096.0,27122.5,16,NQU6
2026-04-21 12:00:00+00:00,34,1,42004177,27109.0,27109.0,27084.0,27085.0,7,NQU6
2026-04-21 13:00:00+00:00,34,1,42004177,27060.25,27071.0,26974.0,27071.0,81,NQU6
2026-04-21 14:00:00+00:00,34,1,42004177,27078.5,27112.25,27011.5,27011.5,45,NQU6
2026-04-21 15:00:00+00:00,34,1,42004177,26953.5,27024.25,26911.0,26966.25,61,NQU6
2026-04-21 16:00:00+00:00,34,1,42004177,27004.0,27021.25,26910.0,26910.0,29,NQU6
2026-04-21 17:00:00+00:00,34,1,42004177,26926.0,26988.0,26857.0,26935.25,50,NQU6
2026-04-21 18:00:00+00:00,34,1,42004177,26943.25,26974.75,26906.75,26953.25,41,NQU6
2026-04-21 19:00:00+00:00,34,1,42004177,26990.25,27027.75,26796.75,26872.5,43,NQU6
2026-04-21 20:00:00+00:00,34,1,42004177,26877.25,27015.0,26847.0,26978.25,40,NQU6
2026-04-21 22:00:00+00:00,34,1,42004177,27003.25,27003.25,27003.25,27003.25,1,NQU6
2026-04-22 00:00:00+00:00,34,1,42004177,27038.5,27060.0,27038.5,27040.0,6,NQU6
2026-04-22 01:00:00+00:00,34,1,42004177,27060.0,27069.5,27057.0,27065.75,5,NQU6
2026-04-22 02:00:00+00:00,34,1,42004177,27068.25,27074.0,27062.0,27062.0,6,NQU6
2026-04-22 03:00:00+00:00,34,1,42004177,27067.0,27068.25,27050.0,27050.0,6,NQU6
2026-04-22 04:00:00+00:00,34,1,42004177,27057.75,27057.75,27052.0,27052.0,4,NQU6
2026-04-22 05:00:00+00:00,34,1,42004177,27043.5,27095.0,27043.5,27072.5,17,NQU6
2026-04-22 06:00:00+00:00,34,1,42004177,27064.75,27064.75,27064.75,27064.75,1,NQU6
2026-04-22 08:00:00+00:00,34,1,42004177,27030.0,27050.0,27030.0,27049.75,5,NQU6
2026-04-22 09:00:00+00:00,34,1,42004177,27101.75,27101.75,27069.0,27069.0,2,NQU6
2026-04-22 10:00:00+00:00,34,1,42004177,27081.75,27081.75,27069.0,27070.5,4,NQU6
2026-04-22 11:00:00+00:00,34,1,42004177,27069.25,27069.25,27069.25,27069.25,1,NQU6
2026-04-22 12:00:00+00:00,34,1,42004177,27100.0,27142.0,27073.75,27073.75,30,NQU6
2026-04-22 13:00:00+00:00,34,1,42004177,27111.5,27128.25,27058.5,27106.75,36,NQU6
2026-04-22 14:00:00+00:00,34,1,42004177,27110.0,27231.5,27110.0,27212.5,80,NQU6
2026-04-22 15:00:00+00:00,34,1,42004177,27194.25,27251.5,27187.5,27236.75,46,NQU6
2026-04-22 16:00:00+00:00,34,1,42004177,27226.25,27239.75,27203.75,27203.75,40,NQU6
2026-04-22 17:00:00+00:00,34,1,42004177,27219.0,27293.75,27219.0,27278.75,60,NQU6
2026-04-22 18:00:00+00:00,34,1,42004177,27283.0,27283.0,27242.5,27256.5,13,NQU6
2026-04-22 19:00:00+00:00,34,1,42004177,27244.25,27333.5,27228.0,27325.25,75,NQU6
2026-04-22 20:00:00+00:00,34,1,42004177,27325.0,27377.5,27322.5,27328.0,44,NQU6
2026-04-22 22:00:00+00:00,34,1,42004177,27331.5,27331.5,27324.25,27324.25,5,NQU6
2026-04-23 00:00:00+00:00,34,1,42004177,27326.75,27326.75,27110.0,27261.75,27,NQU6
2026-04-23 02:00:00+00:00,34,1,42004177,27226.75,27226.75,27197.25,27202.25,8,NQU6
2026-04-23 03:00:00+00:00,34,1,42004177,27151.0,27151.0,27120.0,27150.0,5,NQU6
2026-04-23 05:00:00+00:00,34,1,42004177,27200.75,27224.25,27195.75,27224.25,5,NQU6
2026-04-23 06:00:00+00:00,34,1,42004177,27228.75,27248.0,27228.75,27232.25,6,NQU6
2026-04-23 07:00:00+00:00,34,1,42004177,27227.75,27227.75,27227.75,27227.75,1,NQU6
2026-04-23 08:00:00+00:00,34,1,42004177,27200.0,27200.0,27200.0,27200.0,1,NQU6
2026-04-23 09:00:00+00:00,34,1,42004177,27133.5,27133.5,27133.5,27133.5,1,NQU6
2026-04-23 10:00:00+00:00,34,1,42004177,27209.0,27209.0,27209.0,27209.0,1,NQU6
2026-04-23 11:00:00+00:00,34,1,42004177,27196.75,27292.75,27196.75,27276.25,12,NQU6
2026-04-23 12:00:00+00:00,34,1,42004177,27274.75,27322.75,27208.75,27256.5,38,NQU6
2026-04-23 13:00:00+00:00,34,1,42004177,27258.25,27340.0,27221.0,27268.0,41,NQU6
2026-04-23 14:00:00+00:00,34,1,42004177,27234.75,27351.25,27225.0,27351.25,48,NQU6
2026-04-23 15:00:00+00:00,34,1,42004177,27352.25,27400.0,27312.0,27336.5,39,NQU6
2026-04-23 16:00:00+00:00,34,1,42004177,27342.5,27364.5,27292.0,27328.0,20,NQU6
2026-04-23 17:00:00+00:00,34,1,42004177,27338.75,27338.75,26933.0,27128.5,266,NQU6
2026-04-23 18:00:00+00:00,34,1,42004177,27135.5,27221.25,27090.75,27103.25,126,NQU6
2026-04-23 19:00:00+00:00,34,1,42004177,27111.75,27168.0,27096.0,27145.0,31,NQU6
2026-04-23 20:00:00+00:00,34,1,42004177,27200.0,27225.0,27200.0,27200.0,15,NQU6
2026-04-23 22:00:00+00:00,34,1,42004177,27241.5,27290.0,27241.5,27290.0,8,NQU6
2026-04-23 23:00:00+00:00,34,1,42004177,27283.5,27321.5,27283.5,27321.5,5,NQU6
2026-04-24 00:00:00+00:00,34,1,42004177,27330.0,27369.5,27327.0,27367.25,6,NQU6
2026-04-24 01:00:00+00:00,34,1,42004177,27365.25,27370.25,27354.25,27354.25,3,NQU6
2026-04-24 02:00:00+00:00,34,1,42004177,27320.25,27320.25,27311.0,27313.0,5,NQU6
2026-04-24 03:00:00+00:00,34,1,42004177,27272.5,27280.0,27272.5,27280.0,3,NQU6
2026-04-24 05:00:00+00:00,34,1,42004177,27330.5,27330.5,27330.5,27330.5,1,NQU6
2026-04-24 07:00:00+00:00,34,1,42004177,27344.75,27351.5,27331.5,27348.75,6,NQU6
2026-04-24 08:00:00+00:00,34,1,42004177,27380.0,27382.25,27334.75,27334.75,6,NQU6
2026-04-24 09:00:00+00:00,34,1,42004177,27336.0,27365.0,27336.0,27365.0,3,NQU6
2026-04-24 10:00:00+00:00,34,1,42004177,27380.0,27424.0,27380.0,27424.0,2,NQU6
2026-04-24 11:00:00+00:00,34,1,42004177,27437.0,27610.5,27437.0,27525.0,31,NQU6
2026-04-24 12:00:00+00:00,34,1,42004177,27523.5,27550.0,27463.0,27471.75,20,NQU6
2026-04-24 13:00:00+00:00,34,1,42004177,27477.0,27508.75,27384.25,27424.25,41,NQU6
2026-04-24 14:00:00+00:00,34,1,42004177,27457.0,27534.0,27410.25,27534.0,78,NQU6
2026-04-24 15:00:00+00:00,34,1,42004177,27542.0,27654.5,27539.0,27637.0,86,NQU6
2026-04-24 16:00:00+00:00,34,1,42004177,27642.25,27678.0,27614.75,27662.25,59,NQU6
2026-04-24 17:00:00+00:00,34,1,42004177,27661.25,27707.5,27618.0,27680.0,106,NQU6
2026-04-24 18:00:00+00:00,34,1,42004177,27685.0,27690.0,27634.5,27655.0,44,NQU6
2026-04-24 19:00:00+00:00,34,1,42004177,27676.0,27693.0,27656.0,27688.0,63,NQU6
2026-04-24 20:00:00+00:00,34,1,42004177,27685.25,27690.0,27660.0,27685.0,20,NQU6
2026-04-26 22:00:00+00:00,34,1,42004177,27646.75,27646.75,27600.0,27639.25,21,NQU6
2026-04-26 23:00:00+00:00,34,1,42004177,27646.25,27646.25,27628.0,27631.0,8,NQU6
2026-04-27 00:00:00+00:00,34,1,42004177,27635.0,27708.0,27635.0,27702.25,21,NQU6
2026-04-27 01:00:00+00:00,34,1,42004177,27705.0,27785.0,27705.0,27784.0,39,NQU6
2026-04-27 02:00:00+00:00,34,1,42004177,27786.0,27786.0,27770.0,27770.0,6,NQU6
2026-04-27 03:00:00+00:00,34,1,42004177,27779.0,27779.0,27779.0,27779.0,1,NQU6
2026-04-27 04:00:00+00:00,34,1,42004177,27786.0,27793.0,27785.0,27793.0,6,NQU6
2026-04-27 05:00:00+00:00,34,1,42004177,27702.25,27702.25,27700.0,27700.0,2,NQU6
2026-04-27 06:00:00+00:00,34,1,42004177,27677.75,27677.75,27677.75,27677.75,1,NQU6
2026-04-27 07:00:00+00:00,34,1,42004177,27669.75,27669.75,27655.25,27655.25,3,NQU6
2026-04-27 08:00:00+00:00,34,1,42004177,27681.0,27681.0,27681.0,27681.0,1,NQU6
2026-04-27 09:00:00+00:00,34,1,42004177,27703.0,27710.0,27703.0,27710.0,3,NQU6
2026-04-27 10:00:00+00:00,34,1,42004177,27710.0,27728.75,27710.0,27728.75,9,NQU6
2026-04-27 11:00:00+00:00,34,1,42004177,27735.75,27740.0,27728.0,27734.0,15,NQU6
2026-04-27 12:00:00+00:00,34,1,42004177,27690.0,27690.0,27647.0,27670.0,18,NQU6
2026-04-27 13:00:00+00:00,34,1,42004177,27667.0,27667.0,27547.25,27659.0,101,NQU6
2026-04-27 14:00:00+00:00,34,1,42004177,27644.5,27649.5,27571.0,27610.0,93,NQU6
2026-04-27 15:00:00+00:00,34,1,42004177,27622.0,27626.25,27557.5,27623.5,45,NQU6
2026-04-27 16:00:00+00:00,34,1,42004177,27603.0,27650.0,27600.0,27630.0,21,NQU6
2026-04-27 17:00:00+00:00,34,1,42004177,27657.75,27688.5,27640.0,27688.5,17,NQU6
2026-04-27 18:00:00+00:00,34,1,42004177,27675.0,27675.0,27640.0,27650.0,11,NQU6
2026-04-27 19:00:00+00:00,34,1,42004177,27653.25,27700.0,27650.0,27688.5,27,NQU6
2026-04-27 20:00:00+00:00,34,1,42004177,27683.0,27683.0,27668.5,27668.5,31,NQU6
2026-04-27 22:00:00+00:00,34,1,42004177,27719.5,27748.5,27719.5,27747.5,12,NQU6
2026-04-27 23:00:00+00:00,34,1,42004177,27742.0,27742.0,27742.0,27742.0,1,NQU6
2026-04-28 00:00:00+00:00,34,1,42004177,27762.75,27762.75,27705.0,27716.0,6,NQU6
2026-04-28 01:00:00+00:00,34,1,42004177,27707.25,27730.75,27700.0,27700.0,5,NQU6
2026-04-28 02:00:00+00:00,34,1,42004177,27677.25,27677.25,27657.5,27657.5,5,NQU6
2026-04-28 04:00:00+00:00,34,1,42004177,27677.0,27677.0,27671.25,27671.25,2,NQU6
2026-04-28 05:00:00+00:00,34,1,42004177,27642.0,27642.0,27642.0,27642.0,1,NQU6
2026-04-28 08:00:00+00:00,34,1,42004177,27560.0,27595.0,27550.5,27595.0,3,NQU6
2026-04-28 09:00:00+00:00,34,1,42004177,27576.25,27576.25,27507.75,27507.75,2,NQU6
2026-04-28 10:00:00+00:00,34,1,42004177,27546.25,27546.25,27500.0,27505.5,25,NQU6
2026-04-28 11:00:00+00:00,34,1,42004177,27395.0,27400.0,27338.25,27347.0,17,NQU6
2026-04-28 12:00:00+00:00,34,1,42004177,27326.5,27402.0,27289.75,27400.5,39,NQU6
2026-04-28 13:00:00+00:00,34,1,42004177,27400.0,27498.0,27339.5,27454.5,111,NQU6
2026-04-28 14:00:00+00:00,34,1,42004177,27473.0,27481.0,27266.25,27298.0,79,NQU6
2026-04-28 15:00:00+00:00,34,1,42004177,27339.0,27346.5,27261.75,27261.75,34,NQU6
2026-04-28 16:00:00+00:00,34,1,42004177,27311.25,27340.0,27283.5,27333.0,32,NQU6
2026-04-28 17:00:00+00:00,34,1,42004177,27333.75,27380.5,27304.0,27380.5,15,NQU6
2026-04-28 18:00:00+00:00,34,1,42004177,27374.0,27437.75,27370.0,27426.0,16,NQU6
2026-04-28 19:00:00+00:00,34,1,42004177,27450.0,27458.0,27403.75,27416.0,21,NQU6
2026-04-28 20:00:00+00:00,34,1,42004177,27418.25,27442.25,27400.0,27442.0,9,NQU6
2026-04-28 22:00:00+00:00,34,1,42004177,27474.0,27474.0,27466.0,27466.0,2,NQU6
2026-04-28 23:00:00+00:00,34,1,42004177,27488.0,27488.0,27488.0,27488.0,1,NQU6
2026-04-29 00:00:00+00:00,34,1,42004177,27515.0,27530.0,27515.0,27530.0,2,NQU6
2026-04-29 01:00:00+00:00,34,1,42004177,27484.0,27504.5,27478.0,27503.0,10,NQU6
2026-04-29 02:00:00+00:00,34,1,42004177,27510.75,27510.75,27510.75,27510.75,1,NQU6
2026-04-29 03:00:00+00:00,34,1,42004177,27528.0,27528.0,27528.0,27528.0,1,NQU6
2026-04-29 04:00:00+00:00,34,1,42004177,27542.0,27542.0,27539.5,27539.5,2,NQU6
2026-04-29 05:00:00+00:00,34,1,42004177,27524.0,27550.0,27524.0,27550.0,2,NQU6
2026-04-29 06:00:00+00:00,34,1,42004177,27560.0,27560.0,27516.0,27516.0,4,NQU6
2026-04-29 07:00:00+00:00,34,1,42004177,27504.75,27504.75,27466.0,27466.0,4,NQU6
2026-04-29 08:00:00+00:00,34,1,42004177,27465.0,27483.25,27448.5,27483.25,5,NQU6
2026-04-29 09:00:00+00:00,34,1,42004177,27492.5,27492.5,27492.5,27492.5,1,NQU6
2026-04-29 11:00:00+00:00,34,1,42004177,27519.75,27519.75,27516.0,27516.0,2,NQU6
2026-04-29 12:00:00+00:00,34,1,42004177,27477.0,27492.25,27477.0,27492.25,2,NQU6
2026-04-29 13:00:00+00:00,34,1,42004177,27460.5,27480.25,27376.0,27472.25,54,NQU6
2026-04-29 14:00:00+00:00,34,1,42004177,27458.5,27562.75,27430.0,27547.75,99,NQU6
2026-04-29 15:00:00+00:00,34,1,42004177,27540.0,27540.0,27452.5,27478.0,133,NQU6
2026-04-29 16:00:00+00:00,34,1,42004177,27500.0,27514.0,27410.75,27454.75,19,NQU6
2026-04-29 17:00:00+00:00,34,1,42004177,27448.0,27493.5,27448.0,27493.5,11,NQU6
2026-04-29 18:00:00+00:00,34,1,42004177,27421.5,27527.5,27416.75,27523.25,40,NQU6
2026-04-29 19:00:00+00:00,34,1,42004177,27550.0,27580.0,27514.25,27546.75,45,NQU6
2026-04-29 20:00:00+00:00,34,1,42004177,27490.25,27663.25,27348.25,27461.75,43,NQU6
2026-04-29 22:00:00+00:00,34,1,42004177,27560.0,27740.75,27560.0,27731.5,27,NQU6
2026-04-29 23:00:00+00:00,34,1,42004177,27709.75,27793.0,27709.75,27789.0,9,NQU6
2026-04-30 00:00:00+00:00,34,1,42004177,27816.5,27860.0,27816.5,27848.0,19,NQU6
2026-04-30 01:00:00+00:00,34,1,42004177,27825.0,27825.0,27814.25,27814.25,2,NQU6
2026-04-30 02:00:00+00:00,34,1,42004177,27820.5,27820.5,27650.75,27655.75,26,NQU6
2026-04-30 03:00:00+00:00,34,1,42004177,27652.5,27652.5,27652.5,27652.5,1,NQU6
2026-04-30 04:00:00+00:00,34,1,42004177,27640.0,27640.0,27490.0,27490.0,36,NQU6
2026-04-30 05:00:00+00:00,34,1,42004177,27486.75,27552.0,27475.0,27475.0,23,NQU6
2026-04-30 06:00:00+00:00,34,1,42004177,27467.5,27535.25,27463.0,27535.25,4,NQU6
2026-04-30 07:00:00+00:00,34,1,42004177,27526.25,27604.0,27526.25,27602.75,15,NQU6
2026-04-30 08:00:00+00:00,34,1,42004177,27601.0,27626.75,27594.75,27610.5,9,NQU6
2026-04-30 09:00:00+00:00,34,1,42004177,27594.0,27686.0,27594.0,27624.25,8,NQU6
2026-04-30 10:00:00+00:00,34,1,42004177,27632.0,27650.25,27607.5,27607.5,8,NQU6
2026-04-30 11:00:00+00:00,34,1,42004177,27664.5,27731.25,27661.5,27689.0,38,NQU6
2026-04-30 12:00:00+00:00,34,1,42004177,27693.0,27783.5,27693.0,27776.0,21,NQU6
2026-04-30 13:00:00+00:00,34,1,42004177,27772.5,27772.5,27455.75,27489.0,170,NQU6
2026-04-30 14:00:00+00:00,34,1,42004177,27504.5,27611.25,27415.25,27611.25,260,NQU6
2026-04-30 15:00:00+00:00,34,1,42004177,27630.75,27670.0,27592.0,27640.0,50,NQU6
2026-04-30 16:00:00+00:00,34,1,42004177,27620.0,27673.75,27605.0,27608.5,94,NQU6
2026-04-30 17:00:00+00:00,34,1,42004177,27628.0,27792.0,27628.0,27790.0,39,NQU6
2026-04-30 18:00:00+00:00,34,1,42004177,27800.0,27840.0,27800.0,27805.0,66,NQU6
2026-04-30 19:00:00+00:00,34,1,42004177,27818.5,27866.5,27818.5,27829.75,45,NQU6
2026-04-30 20:00:00+00:00,34,1,42004177,27820.75,27854.25,27820.75,27843.0,59,NQU6
2026-04-30 22:00:00+00:00,34,1,42004177,27857.0,27896.75,27815.75,27815.75,18,NQU6
2026-04-30 23:00:00+00:00,34,1,42004177,27868.25,27868.25,27868.25,27868.25,1,NQU6
2026-05-01 00:00:00+00:00,34,1,42004177,27873.5,27876.5,27873.5,27876.5,2,NQU6
2026-05-01 01:00:00+00:00,34,1,42004177,27878.25,27899.25,27864.5,27897.0,9,NQU6
2026-05-01 02:00:00+00:00,34,1,42004177,27898.0,27898.0,27877.25,27877.25,2,NQU6
2026-05-01 05:00:00+00:00,34,1,42004177,27884.5,27888.0,27871.5,27871.5,3,NQU6
2026-05-01 07:00:00+00:00,34,1,42004177,27850.0,27850.0,27840.0,27840.0,2,NQU6
2026-05-01 08:00:00+00:00,34,1,42004177,27829.0,27829.0,27817.0,27817.0,2,NQU6
2026-05-01 10:00:00+00:00,34,1,42004177,27816.25,27820.75,27816.25,27820.75,4,NQU6
2026-05-01 11:00:00+00:00,34,1,42004177,27810.0,27814.25,27793.75,27814.25,11,NQU6
2026-05-01 12:00:00+00:00,34,1,42004177,27820.25,27868.25,27820.25,27826.25,25,NQU6
2026-05-01 13:00:00+00:00,34,1,42004177,27890.0,28094.75,27882.75,28090.0,175,NQU6
2026-05-01 14:00:00+00:00,34,1,42004177,28101.0,28157.0,28020.75,28082.0,208,NQU6
2026-05-01 15:00:00+00:00,34,1,42004177,28058.75,28167.75,28027.0,28143.0,271,NQU6
2026-05-01 16:00:00+00:00,34,1,42004177,28138.5,28142.0,28060.0,28098.25,128,NQU6
2026-05-01 17:00:00+00:00,34,1,42004177,28098.75,28145.0,28090.0,28145.0,99,NQU6
2026-05-01 18:00:00+00:00,34,1,42004177,28135.0,28140.0,28047.75,28071.0,61,NQU6
2026-05-01 19:00:00+00:00,34,1,42004177,28078.75,28151.25,28078.75,28085.0,81,NQU6
2026-05-01 20:00:00+00:00,34,1,42004177,28081.25,28085.0,28040.0,28040.0,34,NQU6
2026-05-03 22:00:00+00:00,34,1,42004177,28009.25,28155.75,28009.25,28110.0,12,NQU6
2026-05-03 23:00:00+00:00,34,1,42004177,28088.0,28088.0,28070.0,28080.0,5,NQU6
2026-05-04 00:00:00+00:00,34,1,42004177,28083.75,28146.0,28083.75,28146.0,11,NQU6
2026-05-04 01:00:00+00:00,34,1,42004177,28118.0,28167.0,28118.0,28167.0,5,NQU6
2026-05-04 02:00:00+00:00,34,1,42004177,28161.5,28187.25,28145.0,28182.5,10,NQU6
2026-05-04 03:00:00+00:00,34,1,42004177,28187.0,28187.0,28183.25,28184.25,3,NQU6
2026-05-04 04:00:00+00:00,34,1,42004177,28197.75,28202.75,28191.0,28191.0,9,NQU6
2026-05-04 05:00:00+00:00,34,1,42004177,28190.0,28214.5,28185.0,28186.0,8,NQU6
2026-05-04 06:00:00+00:00,34,1,42004177,28184.25,28184.25,28159.75,28159.75,8,NQU6
2026-05-04 07:00:00+00:00,34,1,42004177,28196.75,28196.75,28196.75,28196.75,1,NQU6
2026-05-04 08:00:00+00:00,34,1,42004177,28154.0,28154.0,28120.0,28141.0,21,NQU6
2026-05-04 09:00:00+00:00,34,1,42004177,28157.75,28171.5,28157.75,28161.25,4,NQU6
2026-05-04 10:00:00+00:00,34,1,42004177,28125.5,28125.5,27918.25,28066.75,80,NQU6
2026-05-04 11:00:00+00:00,34,1,42004177,28080.75,28092.25,28051.25,28080.75,31,NQU6
2026-05-04 12:00:00+00:00,34,1,42004177,28130.75,28130.75,28091.75,28091.75,7,NQU6
2026-05-04 13:00:00+00:00,34,1,42004177,28068.25,28145.75,28068.25,28145.75,40,NQU6
2026-05-04 14:00:00+00:00,34,1,42004177,28134.0,28185.5,28106.0,28150.75,58,NQU6
2026-05-04 15:00:00+00:00,34,1,42004177,28127.5,28148.25,27950.25,27983.0,77,NQU6
2026-05-04 16:00:00+00:00,34,1,42004177,27970.0,27985.75,27887.75,27952.25,77,NQU6
2026-05-04 17:00:00+00:00,34,1,42004177,27962.25,28052.0,27954.0,28052.0,43,NQU6
2026-05-04 18:00:00+00:00,34,1,42004177,28046.5,28061.75,27970.75,28006.75,43,NQU6
2026-05-04 19:00:00+00:00,34,1,42004177,28001.25,28034.5,28000.0,28026.75,32,NQU6
2026-05-04 20:00:00+00:00,34,1,42004177,27994.0,28007.75,27994.0,28007.75,5,NQU6
2026-05-04 22:00:00+00:00,34,1,42004177,28020.0,28020.0,27998.25,27998.25,3,NQU6
2026-05-04 23:00:00+00:00,34,1,42004177,27998.5,27998.5,27998.5,27998.5,1,NQU6
2026-05-05 00:00:00+00:00,34,1,42004177,28032.0,28040.0,28013.25,28040.0,4,NQU6
2026-05-05 01:00:00+00:00,34,1,42004177,28048.5,28067.5,28048.5,28067.0,7,NQU6
2026-05-05 02:00:00+00:00,34,1,42004177,28088.75,28088.75,28075.5,28075.5,8,NQU6
2026-05-05 03:00:00+00:00,34,1,42004177,28085.5,28091.0,28085.5,28091.0,2,NQU6
2026-05-05 04:00:00+00:00,34,1,42004177,28100.0,28104.25,28090.0,28090.0,3,NQU6
2026-05-05 05:00:00+00:00,34,1,42004177,28088.0,28103.25,28088.0,28101.5,4,NQU6
2026-05-05 06:00:00+00:00,34,1,42004177,28106.75,28133.0,28076.5,28132.0,13,NQU6
2026-05-05 07:00:00+00:00,34,1,42004177,28144.0,28155.5,28144.0,28155.5,6,NQU6
2026-05-05 08:00:00+00:00,34,1,42004177,28161.25,28185.75,28161.25,28185.0,24,NQU6
2026-05-05 09:00:00+00:00,34,1,42004177,28181.25,28200.75,28163.0,28185.25,30,NQU6
2026-05-05 10:00:00+00:00,34,1,42004177,28177.0,28204.25,28177.0,28204.25,7,NQU6
2026-05-05 11:00:00+00:00,34,1,42004177,28185.5,28198.0,28153.5,28198.0,29,NQU6
2026-05-05 12:00:00+00:00,34,1,42004177,28187.0,28248.25,28187.0,28233.0,27,NQU6
2026-05-05 13:00:00+00:00,34,1,42004177,28235.0,28359.0,28224.0,28336.5,126,NQU6
2026-05-05 14:00:00+00:00,34,1,42004177,28325.75,28392.0,28282.0,28352.5,109,NQU6
2026-05-05 15:00:00+00:00,34,1,42004177,28346.5,28397.0,28346.5,28382.0,46,NQU6
2026-05-05 16:00:00+00:00,34,1,42004177,28384.0,28400.0,28346.25,28387.75,56,NQU6
2026-05-05 17:00:00+00:00,34,1,42004177,28377.0,28420.0,28368.0,28418.5,58,NQU6
2026-05-05 18:00:00+00:00,34,1,42004177,28420.0,28437.0,28409.25,28409.25,23,NQU6
2026-05-05 19:00:00+00:00,34,1,42004177,28432.5,28437.0,28363.0,28392.25,37,NQU6
2026-05-05 20:00:00+00:00,34,1,42004177,28370.75,28500.0,28369.25,28450.0,49,NQU6
2026-05-05 22:00:00+00:00,34,1,42004177,28500.0,28653.0,28500.0,28634.0,39,NQU6
2026-05-05 23:00:00+00:00,34,1,42004177,28633.5,28633.5,28620.0,28630.0,4,NQU6
2026-05-06 00:00:00+00:00,34,1,42004177,28625.0,28625.0,28530.0,28530.0,9,NQU6
2026-05-06 01:00:00+00:00,34,1,42004177,28527.5,28548.0,28523.75,28548.0,11,NQU6
2026-05-06 02:00:00+00:00,34,1,42004177,28548.75,28548.75,28520.0,28520.0,6,NQU6
2026-05-06 03:00:00+00:00,34,1,42004177,28548.75,28583.75,28543.0,28580.0,9,NQU6
2026-05-06 04:00:00+00:00,34,1,42004177,28574.5,28597.5,28571.25,28597.5,15,NQU6
2026-05-06 05:00:00+00:00,34,1,42004177,28588.0,28609.0,28588.0,28609.0,6,NQU6
2026-05-06 06:00:00+00:00,34,1,42004177,28582.75,28582.75,28569.5,28576.75,21,NQU6
2026-05-06 07:00:00+00:00,34,1,42004177,28568.0,28568.0,28568.0,28568.0,1,NQU6
2026-05-06 08:00:00+00:00,34,1,42004177,28613.0,28758.75,28589.0,28752.25,25,NQU6
2026-05-06 09:00:00+00:00,34,1,42004177,28716.5,28766.25,28716.5,28761.5,30,NQU6
2026-05-06 10:00:00+00:00,34,1,42004177,28770.0,28861.0,28760.0,28840.5,31,NQU6
2026-05-06 11:00:00+00:00,34,1,42004177,28857.5,28863.75,28784.5,28795.0,23,NQU6
2026-05-06 12:00:00+00:00,34,1,42004177,28757.5,28757.5,28695.0,28718.0,81,NQU6
2026-05-06 13:00:00+00:00,34,1,42004177,28709.75,28755.0,28596.75,28734.25,78,NQU6
2026-05-06 14:00:00+00:00,34,1,42004177,28733.25,28806.0,28649.0,28791.5,140,NQU6
2026-05-06 15:00:00+00:00,34,1,42004177,28793.0,28842.0,28780.75,28813.75,80,NQU6
2026-05-06 16:00:00+00:00,34,1,42004177,28834.0,28856.75,28782.5,28782.5,37,NQU6
2026-05-06 17:00:00+00:00,34,1,42004177,28796.75,28860.0,28790.75,28858.25,22,NQU6
2026-05-06 18:00:00+00:00,34,1,42004177,28859.25,28920.5,28854.75,28899.25,56,NQU6
2026-05-06 19:00:00+00:00,34,1,42004177,28896.5,28980.25,28896.5,28979.0,142,NQU6
2026-05-06 20:00:00+00:00,34,1,42004177,28979.0,29052.0,28958.0,28958.0,42,NQU6
2026-05-06 23:00:00+00:00,34,1,42004177,28930.0,28930.0,28930.0,28930.0,1,NQU6
2026-05-07 00:00:00+00:00,34,1,42004177,28942.75,28942.75,28899.5,28899.75,10,NQU6
2026-05-07 01:00:00+00:00,34,1,42004177,28912.5,28960.0,28896.5,28960.0,13,NQU6
2026-05-07 02:00:00+00:00,34,1,42004177,28925.5,28939.5,28919.0,28930.0,10,NQU6
2026-05-07 03:00:00+00:00,34,1,42004177,28956.0,28956.0,28949.5,28949.75,3,NQU6
2026-05-07 04:00:00+00:00,34,1,42004177,28968.0,28968.25,28968.0,28968.25,2,NQU6
2026-05-07 05:00:00+00:00,34,1,42004177,28960.0,28977.75,28960.0,28977.75,24,NQU6
2026-05-07 06:00:00+00:00,34,1,42004177,28981.0,28994.5,28955.0,28994.5,19,NQU6
2026-05-07 07:00:00+00:00,34,1,42004177,29013.25,29051.5,29013.25,29043.25,11,NQU6
2026-05-07 08:00:00+00:00,34,1,42004177,29068.0,29070.25,28997.0,28997.0,14,NQU6
2026-05-07 09:00:00+00:00,34,1,42004177,29008.5,29008.5,28991.25,28991.25,2,NQU6
2026-05-07 10:00:00+00:00,34,1,42004177,28966.0,28966.0,28960.25,28960.25,11,NQU6
2026-05-07 11:00:00+00:00,34,1,42004177,28995.0,29000.0,28972.75,28975.25,4,NQU6
2026-05-07 12:00:00+00:00,34,1,42004177,28993.5,29012.5,28993.5,29012.5,6,NQU6
2026-05-07 13:00:00+00:00,34,1,42004177,28999.75,29058.5,28973.0,29040.0,161,NQU6
2026-05-07 14:00:00+00:00,34,1,42004177,29042.75,29197.5,29042.75,29187.75,202,NQU6
2026-05-07 15:00:00+00:00,34,1,42004177,29184.75,29188.75,29042.0,29042.0,81,NQU6
2026-05-07 16:00:00+00:00,34,1,42004177,29030.0,29030.0,28895.0,28953.5,318,NQU6
2026-05-07 17:00:00+00:00,34,1,42004177,28954.0,28963.0,28816.0,28940.25,214,NQU6
2026-05-07 18:00:00+00:00,34,1,42004177,28952.0,28968.75,28849.5,28897.25,163,NQU6
2026-05-07 19:00:00+00:00,34,1,42004177,28903.5,28966.75,28865.0,28939.5,95,NQU6
2026-05-07 20:00:00+00:00,34,1,42004177,28915.75,29020.0,28910.0,28928.0,21,NQU6
2026-05-07 22:00:00+00:00,34,1,42004177,28832.0,28925.5,28832.0,28891.25,9,NQU6
2026-05-07 23:00:00+00:00,34,1,42004177,28899.25,28915.5,28899.25,28915.5,4,NQU6
2026-05-08 00:00:00+00:00,34,1,42004177,28964.0,28994.0,28955.0,28994.0,10,NQU6
2026-05-08 01:00:00+00:00,34,1,42004177,29012.0,29012.0,29010.25,29011.0,5,NQU6
2026-05-08 02:00:00+00:00,34,1,42004177,29010.0,29010.0,29006.0,29006.0,11,NQU6
2026-05-08 03:00:00+00:00,34,1,42004177,29013.5,29026.75,29006.0,29023.75,8,NQU6
2026-05-08 07:00:00+00:00,34,1,42004177,29083.75,29091.5,29083.75,29091.5,4,NQU6
2026-05-08 08:00:00+00:00,34,1,42004177,29105.5,29105.5,29105.5,29105.5,1,NQU6
2026-05-08 09:00:00+00:00,34,1,42004177,29127.0,29150.0,29098.5,29098.5,14,NQU6
2026-05-08 10:00:00+00:00,34,1,42004177,29128.75,29135.5,29100.0,29100.0,13,NQU6
2026-05-08 11:00:00+00:00,34,1,42004177,29140.0,29160.0,29135.75,29160.0,11,NQU6
2026-05-08 12:00:00+00:00,34,1,42004177,29154.25,29238.25,29145.0,29173.25,29,NQU6
2026-05-08 13:00:00+00:00,34,1,42004177,29164.0,29350.0,29125.75,29350.0,99,NQU6
2026-05-08 14:00:00+00:00,34,1,42004177,29353.0,29425.0,29339.75,29425.0,95,NQU6
2026-05-08 15:00:00+00:00,34,1,42004177,29421.25,29476.0,29387.5,29453.0,130,NQU6
2026-05-08 16:00:00+00:00,34,1,42004177,29467.5,29510.25,29461.25,29505.5,74,NQU6
2026-05-08 17:00:00+00:00,34,1,42004177,29500.25,29579.0,29500.25,29534.0,137,NQU6
2026-05-08 18:00:00+00:00,34,1,42004177,29534.0,29555.5,29500.0,29516.75,33,NQU6
2026-05-08 19:00:00+00:00,34,1,42004177,29515.25,29591.25,29515.25,29590.25,49,NQU6
2026-05-08 20:00:00+00:00,34,1,42004177,29605.0,29624.75,29589.25,29600.0,72,NQU6
2026-05-10 22:00:00+00:00,34,1,42004177,29550.25,29575.0,29499.75,29525.0,22,NQU6
2026-05-10 23:00:00+00:00,34,1,42004177,29555.0,29595.0,29555.0,29586.75,14,NQU6
2026-05-11 00:00:00+00:00,34,1,42004177,29605.25,29662.75,29542.75,29561.25,79,NQU6
2026-05-11 01:00:00+00:00,34,1,42004177,29541.75,29610.0,29520.0,29609.25,17,NQU6
2026-05-11 02:00:00+00:00,34,1,42004177,29614.0,29620.0,29590.75,29605.0,13,NQU6
2026-05-11 03:00:00+00:00,34,1,42004177,29598.0,29608.75,29595.0,29605.0,8,NQU6
2026-05-11 04:00:00+00:00,34,1,42004177,29558.75,29605.5,29558.75,29605.5,3,NQU6
2026-05-11 05:00:00+00:00,34,1,42004177,29595.0,29608.75,29585.0,29585.0,4,NQU6
2026-05-11 06:00:00+00:00,34,1,42004177,29605.5,29605.5,29569.5,29569.5,5,NQU6
2026-05-11 07:00:00+00:00,34,1,42004177,29590.0,29590.0,29590.0,29590.0,1,NQU6
2026-05-11 08:00:00+00:00,34,1,42004177,29567.0,29572.5,29542.0,29572.5,4,NQU6
2026-05-11 09:00:00+00:00,34,1,42004177,29582.0,29619.75,29582.0,29619.75,4,NQU6
2026-05-11 10:00:00+00:00,34,1,42004177,29557.5,29557.5,29555.5,29555.5,2,NQU6
2026-05-11 11:00:00+00:00,34,1,42004177,29589.5,29645.0,29589.5,29605.0,39,NQU6
2026-05-11 12:00:00+00:00,34,1,42004177,29597.75,29597.75,29528.75,29537.0,25,NQU6
2026-05-11 13:00:00+00:00,34,1,42004177,29565.5,29693.5,29565.5,29578.5,96,NQU6
2026-05-11 14:00:00+00:00,34,1,42004177,29593.75,29675.75,29515.25,29663.25,99,NQU6
2026-05-11 15:00:00+00:00,34,1,42004177,29654.75,29737.25,29631.75,29737.25,64,NQU6
2026-05-11 16:00:00+00:00,34,1,42004177,29739.75,29745.75,29647.5,29678.75,70,NQU6
2026-05-11 17:00:00+00:00,34,1,42004177,29684.0,29740.0,29650.5,29727.0,40,NQU6
2026-05-11 18:00:00+00:00,34,1,42004177,29718.75,29737.0,29666.0,29666.0,34,NQU6
2026-05-11 19:00:00+00:00,34,1,42004177,29650.0,29700.5,29640.0,29686.25,89,NQU6
2026-05-11 20:00:00+00:00,34,1,42004177,29680.0,29680.0,29584.25,29670.0,14,NQU6
2026-05-11 22:00:00+00:00,34,1,42004177,29675.0,29715.75,29675.0,29710.25,13,NQU6
2026-05-11 23:00:00+00:00,34,1,42004177,29705.0,29714.25,29705.0,29705.5,4,NQU6
2026-05-12 00:00:00+00:00,34,1,42004177,29675.0,29675.0,29621.25,29640.25,10,NQU6
2026-05-12 01:00:00+00:00,34,1,42004177,29637.0,29650.0,29510.0,29545.0,30,NQU6
2026-05-12 02:00:00+00:00,34,1,42004177,29545.0,29628.5,29545.0,29624.75,41,NQU6
2026-05-12 03:00:00+00:00,34,1,42004177,29630.0,29630.0,29587.75,29587.75,6,NQU6
2026-05-12 04:00:00+00:00,34,1,42004177,29586.75,29586.75,29555.5,29555.5,8,NQU6
2026-05-12 05:00:00+00:00,34,1,42004177,29550.0,29566.0,29544.0,29555.25,7,NQU6
2026-05-12 06:00:00+00:00,34,1,42004177,29535.0,29543.25,29495.0,29495.0,12,NQU6
2026-05-12 07:00:00+00:00,34,1,42004177,29517.5,29517.5,29502.75,29502.75,3,NQU6
2026-05-12 08:00:00+00:00,34,1,42004177,29494.25,29494.25,29455.25,29458.0,19,NQU6
2026-05-12 09:00:00+00:00,34,1,42004177,29471.75,29489.5,29471.75,29489.5,3,NQU6
2026-05-12 10:00:00+00:00,34,1,42004177,29499.0,29499.0,29487.75,29487.75,2,NQU6
2026-05-12 11:00:00+00:00,34,1,42004177,29441.0,29443.5,29401.75,29443.5,7,NQU6
2026-05-12 12:00:00+00:00,34,1,42004177,29388.0,29494.5,29388.0,29489.75,145,NQU6
2026-05-12 13:00:00+00:00,34,1,42004177,29500.5,29558.0,29381.5,29388.0,220,NQU6
2026-05-12 14:00:00+00:00,34,1,42004177,29395.0,29473.5,29270.25,29277.5,285,NQU6
2026-05-12 15:00:00+00:00,34,1,42004177,29278.5,29286.5,29098.75,29108.0,120,NQU6
2026-05-12 16:00:00+00:00,34,1,42004177,29104.5,29174.0,29007.5,29014.25,78,NQU6
2026-05-12 17:00:00+00:00,34,1,42004177,29029.25,29189.25,29022.5,29178.0,83,NQU6
2026-05-12 18:00:00+00:00,34,1,42004177,29187.25,29269.75,29182.5,29223.5,102,NQU6
2026-05-12 19:00:00+00:00,34,1,42004177,29246.5,29449.0,29246.25,29422.25,118,NQU6
2026-05-12 20:00:00+00:00,34,1,42004177,29406.5,29406.5,29380.5,29398.0,6,NQU6
2026-05-12 22:00:00+00:00,34,1,42004177,29425.75,29444.75,29425.75,29432.25,5,NQU6
2026-05-12 23:00:00+00:00,34,1,42004177,29412.25,29414.0,29350.25,29353.75,12,NQU6
2026-05-13 00:00:00+00:00,34,1,42004177,29398.25,29407.75,29375.75,29407.75,3,NQU6
2026-05-13 01:00:00+00:00,34,1,42004177,29418.75,29495.0,29418.75,29495.0,14,NQU6
2026-05-13 02:00:00+00:00,34,1,42004177,29489.5,29500.0,29489.5,29500.0,4,NQU6
2026-05-13 03:00:00+00:00,34,1,42004177,29500.0,29520.25,29500.0,29520.25,4,NQU6
2026-05-13 04:00:00+00:00,34,1,42004177,29537.0,29558.75,29537.0,29552.5,6,NQU6
2026-05-13 05:00:00+00:00,34,1,42004177,29567.0,29567.0,29553.75,29553.75,2,NQU6
2026-05-13 06:00:00+00:00,34,1,42004177,29555.75,29598.0,29555.75,29598.0,8,NQU6
2026-05-13 07:00:00+00:00,34,1,42004177,29581.5,29626.25,29559.5,29626.25,14,NQU6
2026-05-13 08:00:00+00:00,34,1,42004177,29638.0,29709.25,29638.0,29709.25,26,NQU6
2026-05-13 09:00:00+00:00,34,1,42004177,29649.0,29667.75,29641.5,29667.75,3,NQU6
2026-05-13 10:00:00+00:00,34,1,42004177,29690.0,29691.25,29634.5,29657.75,7,NQU6
2026-05-13 11:00:00+00:00,34,1,42004177,29647.75,29647.75,29618.75,29638.25,26,NQU6
2026-05-13 12:00:00+00:00,34,1,42004177,29660.75,29660.75,29470.5,29514.5,74,NQU6
2026-05-13 13:00:00+00:00,34,1,42004177,29545.25,29565.0,29351.0,29458.0,142,NQU6
2026-05-13 14:00:00+00:00,34,1,42004177,29445.75,29586.5,29379.25,29582.5,144,NQU6
2026-05-13 15:00:00+00:00,34,1,42004177,29582.25,29650.75,29556.5,29591.0,99,NQU6
2026-05-13 16:00:00+00:00,34,1,42004177,29609.0,29728.75,29609.0,29715.5,58,NQU6
2026-05-13 17:00:00+00:00,34,1,42004177,29725.5,29756.25,29725.5,29740.0,46,NQU6
2026-05-13 18:00:00+00:00,34,1,42004177,29743.75,29825.5,29742.25,29760.0,139,NQU6
2026-05-13 19:00:00+00:00,34,1,42004177,29749.5,29807.0,29727.75,29748.75,83,NQU6
2026-05-13 20:00:00+00:00,34,1,42004177,29742.75,29815.75,29740.0,29810.5,45,NQU6
2026-05-13 22:00:00+00:00,34,1,42004177,29812.75,29864.0,29804.75,29860.0,90,NQU6
2026-05-13 23:00:00+00:00,34,1,42004177,29867.25,29909.0,29867.25,29905.0,29,NQU6
2026-05-14 00:00:00+00:00,34,1,42004177,29894.5,29961.75,29871.0,29961.25,101,NQU6
2026-05-14 01:00:00+00:00,34,1,42004177,29919.5,29944.75,29896.75,29896.75,11,NQU6
2026-05-14 02:00:00+00:00,34,1,42004177,29889.0,29903.0,29889.0,29903.0,5,NQU6
2026-05-14 03:00:00+00:00,34,1,42004177,29864.25,29864.25,29801.0,29801.0,22,NQU6
2026-05-14 04:00:00+00:00,34,1,42004177,29801.75,29853.75,29789.0,29842.25,25,NQU6
2026-05-14 05:00:00+00:00,34,1,42004177,29858.5,29878.25,29821.75,29871.0,18,NQU6
2026-05-14 06:00:00+00:00,34,1,42004177,29890.25,29909.75,29881.5,29881.5,21,NQU6
2026-05-14 07:00:00+00:00,34,1,42004177,29871.0,29895.0,29862.0,29862.0,11,NQU6
2026-05-14 08:00:00+00:00,34,1,42004177,29851.25,29892.5,29823.0,29841.0,14,NQU6
2026-05-14 09:00:00+00:00,34,1,42004177,29861.0,29861.0,29770.0,29803.75,22,NQU6
2026-05-14 10:00:00+00:00,34,1,42004177,29823.75,29848.75,29798.25,29832.5,26,NQU6
2026-05-14 11:00:00+00:00,34,1,42004177,29833.75,29837.75,29799.75,29825.75,10,NQU6
2026-05-14 12:00:00+00:00,34,1,42004177,29815.0,29842.75,29776.0,29776.0,30,NQU6
2026-05-14 13:00:00+00:00,34,1,42004177,29747.0,29955.25,29740.0,29800.75,129,NQU6
2026-05-14 14:00:00+00:00,34,1,42004177,29819.5,30000.0,29816.25,29946.0,152,NQU6
2026-05-14 15:00:00+00:00,34,1,42004177,29947.25,30042.75,29944.5,30032.0,91,NQU6
2026-05-14 16:00:00+00:00,34,1,42004177,30033.75,30049.75,29969.0,29995.5,65,NQU6
2026-05-14 17:00:00+00:00,34,1,42004177,30016.25,30026.0,29880.25,30005.75,116,NQU6
2026-05-14 18:00:00+00:00,34,1,42004177,29993.5,29993.5,29925.75,29981.75,51,NQU6
2026-05-14 19:00:00+00:00,34,1,42004177,29995.0,30005.25,29958.5,29958.5,97,NQU6
2026-05-14 20:00:00+00:00,34,1,42004177,29992.5,29992.5,29926.5,29943.5,24,NQU6
2026-05-14 22:00:00+00:00,34,1,42004177,29955.5,29983.25,29954.25,29983.25,17,NQU6
2026-05-14 23:00:00+00:00,34,1,42004177,29988.25,29992.0,29988.25,29992.0,6,NQU6
2026-05-15 00:00:00+00:00,34,1,42004177,29940.0,29993.25,29920.0,29920.0,12,NQU6
2026-05-15 01:00:00+00:00,34,1,42004177,29916.25,29932.75,29805.5,29805.5,36,NQU6
2026-05-15 02:00:00+00:00,34,1,42004177,29806.0,29834.75,29775.25,29825.0,30,NQU6
2026-05-15 03:00:00+00:00,34,1,42004177,29840.5,29840.5,29823.5,29824.25,3,NQU6
2026-05-15 04:00:00+00:00,34,1,42004177,29820.0,29822.75,29735.0,29735.0,16,NQU6
2026-05-15 05:00:00+00:00,34,1,42004177,29719.5,29720.0,29551.75,29551.75,46,NQU6
2026-05-15 06:00:00+00:00,34,1,42004177,29531.0,29680.25,29531.0,29667.0,69,NQU6
2026-05-15 07:00:00+00:00,34,1,42004177,29684.25,29735.5,29651.0,29665.25,23,NQU6
2026-05-15 08:00:00+00:00,34,1,42004177,29636.0,29637.25,29463.25,29524.25,187,NQU6
2026-05-15 09:00:00+00:00,34,1,42004177,29528.75,29543.5,29450.0,29502.0,27,NQU6
2026-05-15 10:00:00+00:00,34,1,42004177,29499.75,29632.5,29499.75,29597.0,76,NQU6
2026-05-15 11:00:00+00:00,34,1,42004177,29595.25,29599.0,29522.5,29522.5,20,NQU6
2026-05-15 12:00:00+00:00,34,1,42004177,29480.0,29504.0,29412.0,29468.25,64,NQU6
2026-05-15 13:00:00+00:00,34,1,42004177,29436.0,29550.5,29358.75,29413.5,283,NQU6
2026-05-15 14:00:00+00:00,34,1,42004177,29418.0,29645.25,29418.0,29549.25,170,NQU6
2026-05-15 15:00:00+00:00,34,1,42004177,29560.0,29648.0,29477.75,29510.25,156,NQU6
2026-05-15 16:00:00+00:00,34,1,42004177,29548.25,29617.25,29523.0,29576.75,31,NQU6
2026-05-15 17:00:00+00:00,34,1,42004177,29590.0,29720.25,29583.0,29715.5,63,NQU6
2026-05-15 18:00:00+00:00,34,1,42004177,29725.0,29755.5,29599.75,29649.25,100,NQU6
2026-05-15 19:00:00+00:00,34,1,42004177,29639.0,29639.0,29490.75,29500.5,57,NQU6
2026-05-15 20:00:00+00:00,34,1,42004177,29480.0,29480.0,29392.75,29456.0,22,NQU6
2026-05-17 22:00:00+00:00,34,1,42004177,29463.25,29540.0,29463.25,29520.5,25,NQU6
2026-05-17 23:00:00+00:00,34,1,42004177,29483.5,29483.5,29343.0,29409.5,19,NQU6
2026-05-18 00:00:00+00:00,34,1,42004177,29343.0,29343.0,29212.5,29290.0,55,NQU6
2026-05-18 01:00:00+00:00,34,1,42004177,29301.25,29305.0,29195.0,29295.0,53,NQU6
2026-05-18 02:00:00+00:00,34,1,42004177,29280.75,29345.0,29257.0,29270.0,22,NQU6
2026-05-18 03:00:00+00:00,34,1,42004177,29306.0,29323.75,29306.0,29323.75,7,NQU6
2026-05-18 04:00:00+00:00,34,1,42004177,29360.0,29360.0,29290.5,29298.25,4,NQU6
2026-05-18 05:00:00+00:00,34,1,42004177,29320.0,29351.5,29300.75,29326.0,5,NQU6
2026-05-18 06:00:00+00:00,34,1,42004177,29294.75,29374.75,29257.75,29374.75,149,NQU6
2026-05-18 07:00:00+00:00,34,1,42004177,29394.0,29428.25,29334.5,29386.25,67,NQU6
2026-05-18 08:00:00+00:00,34,1,42004177,29417.25,29503.0,29417.25,29494.0,54,NQU6
2026-05-18 09:00:00+00:00,34,1,42004177,29452.5,29474.25,29439.5,29449.5,11,NQU6
2026-05-18 10:00:00+00:00,34,1,42004177,29434.75,29434.75,29347.25,29392.5,13,NQU6
2026-05-18 11:00:00+00:00,34,1,42004177,29385.0,29537.0,29335.75,29428.25,47,NQU6
2026-05-18 12:00:00+00:00,34,1,42004177,29481.5,29683.25,29465.0,29683.25,47,NQU6
2026-05-18 13:00:00+00:00,34,1,42004177,29665.0,29672.25,29410.75,29516.25,243,NQU6
2026-05-18 14:00:00+00:00,34,1,42004177,29496.5,29560.25,29248.0,29345.0,342,NQU6
2026-05-18 15:00:00+00:00,34,1,42004177,29349.5,29392.0,29214.5,29258.75,181,NQU6
2026-05-18 16:00:00+00:00,34,1,42004177,29248.0,29336.75,29117.25,29263.0,228,NQU6
2026-05-18 17:00:00+00:00,34,1,42004177,29267.5,29292.5,29235.75,29267.0,63,NQU6
2026-05-18 18:00:00+00:00,34,1,42004177,29242.25,29242.25,29090.5,29102.5,61,NQU6
2026-05-18 19:00:00+00:00,34,1,42004177,29113.75,29371.0,29113.75,29361.5,172,NQU6
2026-05-18 20:00:00+00:00,34,1,42004177,29366.25,29366.25,29345.5,29351.75,7,NQU6
2026-05-18 22:00:00+00:00,34,1,42004177,29379.25,29440.5,29379.25,29424.5,19,NQU6
2026-05-19 00:00:00+00:00,34,1,42004177,29372.75,29418.5,29351.75,29351.75,17,NQU6
2026-05-19 01:00:00+00:00,34,1,42004177,29331.0,29342.0,29257.5,29283.75,47,NQU6
2026-05-19 02:00:00+00:00,34,1,42004177,29263.25,29263.75,29200.25,29235.0,22,NQU6
2026-05-19 03:00:00+00:00,34,1,42004177,29219.75,29279.25,29219.75,29250.0,8,NQU6
2026-05-19 04:00:00+00:00,34,1,42004177,29221.25,29232.5,29176.5,29229.25,50,NQU6
2026-05-19 05:00:00+00:00,34,1,42004177,29235.25,29235.25,29153.75,29201.0,61,NQU6
2026-05-19 06:00:00+00:00,34,1,42004177,29196.75,29277.0,29171.75,29273.75,22,NQU6
2026-05-19 07:00:00+00:00,34,1,42004177,29298.5,29380.25,29298.5,29370.75,24,NQU6
2026-05-19 08:00:00+00:00,34,1,42004177,29357.5,29357.5,29255.5,29278.5,9,NQU6
2026-05-19 09:00:00+00:00,34,1,42004177,29254.25,29254.25,29128.5,29192.75,118,NQU6
2026-05-19 10:00:00+00:00,34,1,42004177,29173.25,29186.25,29112.25,29178.75,93,NQU6
2026-05-19 11:00:00+00:00,34,1,42004177,29197.0,29212.75,29137.5,29137.5,53,NQU6
2026-05-19 12:00:00+00:00,34,1,42004177,29124.75,29193.5,29101.75,29183.0,33,NQU6
2026-05-19 13:00:00+00:00,34,1,42004177,29105.0,29326.25,29075.25,29196.25,268,NQU6
2026-05-19 14:00:00+00:00,34,1,42004177,29181.25,29191.0,28929.5,29062.25,468,NQU6
2026-05-19 15:00:00+00:00,34,1,42004177,29079.5,29141.0,28998.0,29079.75,167,NQU6
2026-05-19 16:00:00+00:00,34,1,42004177,29105.0,29300.0,29068.75,29287.5,106,NQU6
2026-05-19 17:00:00+00:00,34,1,42004177,29283.25,29388.5,29278.75,29315.75,166,NQU6
2026-05-19 18:00:00+00:00,34,1,42004177,29348.75,29365.75,29218.0,29218.0,68,NQU6
2026-05-19 19:00:00+00:00,34,1,42004177,29232.0,29301.0,29149.0,29190.0,112,NQU6
2026-05-19 20:00:00+00:00,34,1,42004177,29189.5,29196.25,29169.25,29169.25,16,NQU6
2026-05-19 22:00:00+00:00,34,1,42004177,29201.0,29201.0,29140.0,29144.25,19,NQU6
2026-05-19 23:00:00+00:00,34,1,42004177,29208.25,29289.5,29208.25,29228.75,17,NQU6
2026-05-20 00:00:00+00:00,34,1,42004177,29184.5,29184.5,29078.25,29109.0,13,NQU6
2026-05-20 01:00:00+00:00,34,1,42004177,29211.5,29259.75,29133.0,29259.75,25,NQU6
2026-05-20 02:00:00+00:00,34,1,42004177,29150.0,29166.25,29139.0,29152.0,6,NQU6
2026-05-20 03:00:00+00:00,34,1,42004177,29138.0,29175.0,29114.25,29156.0,14,NQU6
2026-05-20 04:00:00+00:00,34,1,42004177,29195.75,29207.25,29141.75,29141.75,7,NQU6
2026-05-20 05:00:00+00:00,34,1,42004177,29182.5,29233.0,29182.5,29222.75,8,NQU6
2026-05-20 06:00:00+00:00,34,1,42004177,29235.75,29300.0,29235.75,29296.75,13,NQU6
2026-05-20 07:00:00+00:00,34,1,42004177,29301.5,29331.25,29289.75,29317.25,13,NQU6
2026-05-20 08:00:00+00:00,34,1,42004177,29318.75,29400.0,29318.75,29382.0,13,NQU6
2026-05-20 09:00:00+00:00,34,1,42004177,29368.0,29405.5,29347.25,29397.25,16,NQU6
2026-05-20 10:00:00+00:00,34,1,42004177,29407.25,29413.0,29392.25,29413.0,10,NQU6
2026-05-20 11:00:00+00:00,34,1,42004177,29397.5,29397.5,29351.5,29354.5,17,NQU6
2026-05-20 12:00:00+00:00,34,1,42004177,29370.25,29434.75,29370.25,29389.75,33,NQU6
2026-05-20 13:00:00+00:00,34,1,42004177,29386.75,29462.5,29296.5,29346.25,156,NQU6
2026-05-20 14:00:00+00:00,34,1,42004177,29360.5,29542.0,29290.0,29526.25,173,NQU6
2026-05-20 15:00:00+00:00,34,1,42004177,29533.25,29650.25,29506.5,29601.25,218,NQU6
2026-05-20 16:00:00+00:00,34,1,42004177,29600.75,29606.5,29484.0,29534.5,181,NQU6
2026-05-20 17:00:00+00:00,34,1,42004177,29535.0,29594.0,29511.0,29562.75,71,NQU6
2026-05-20 18:00:00+00:00,34,1,42004177,29572.0,29618.5,29554.0,29573.0,43,NQU6
2026-05-20 19:00:00+00:00,34,1,42004177,29582.5,29665.5,29581.25,29665.5,66,NQU6
2026-05-20 20:00:00+00:00,34,1,42004177,29656.0,29656.0,29521.5,29549.75,117,NQU6
2026-05-20 22:00:00+00:00,34,1,42004177,29479.0,29479.0,29401.0,29456.5,30,NQU6
2026-05-20 23:00:00+00:00,34,1,42004177,29468.5,29492.0,29438.5,29458.75,15,NQU6
2026-05-21 00:00:00+00:00,34,1,42004177,29448.0,29495.0,29442.0,29492.75,16,NQU6
2026-05-21 01:00:00+00:00,34,1,42004177,29504.0,29588.75,29504.0,29568.25,34,NQU6
2026-05-21 02:00:00+00:00,34,1,42004177,29636.25,29640.0,29594.75,29594.75,21,NQU6
2026-05-21 03:00:00+00:00,34,1,42004177,29632.75,29650.0,29631.75,29650.0,7,NQU6
2026-05-21 04:00:00+00:00,34,1,42004177,29664.75,29690.75,29661.75,29690.75,12,NQU6
2026-05-21 05:00:00+00:00,34,1,42004177,29691.75,29700.0,29577.0,29644.5,17,NQU6
2026-05-21 06:00:00+00:00,34,1,42004177,29659.5,29659.5,29561.0,29561.0,26,NQU6
2026-05-21 07:00:00+00:00,34,1,42004177,29573.75,29573.75,29480.0,29570.0,39,NQU6
2026-05-21 08:00:00+00:00,34,1,42004177,29618.5,29731.5,29618.5,29646.75,11,NQU6
2026-05-21 09:00:00+00:00,34,1,42004177,29677.25,29692.5,29646.25,29646.25,6,NQU6
2026-05-21 10:00:00+00:00,34,1,42004177,29655.0,29655.0,29473.5,29498.0,54,NQU6
2026-05-21 11:00:00+00:00,34,1,42004177,29524.25,29547.0,29488.5,29518.0,14,NQU6
2026-05-21 12:00:00+00:00,34,1,42004177,29519.25,29550.0,29469.0,29469.0,20,NQU6
2026-05-21 13:00:00+00:00,34,1,42004177,29505.75,29580.0,29448.0,29528.75,140,NQU6
2026-05-21 14:00:00+00:00,34,1,42004177,29560.75,29597.5,29399.0,29518.5,210,NQU6
2026-05-21 15:00:00+00:00,34,1,42004177,29493.75,29568.5,29458.75,29546.5,130,NQU6
2026-05-21 16:00:00+00:00,34,1,42004177,29568.5,29577.5,29489.25,29514.75,68,NQU6
2026-05-21 17:00:00+00:00,34,1,42004177,29543.5,29825.0,29543.5,29769.75,212,NQU6
2026-05-21 18:00:00+00:00,34,1,42004177,29789.5,29793.5,29574.75,29594.0,109,NQU6
2026-05-21 19:00:00+00:00,34,1,42004177,29621.0,29728.75,29621.0,29725.0,41,NQU6
2026-05-21 20:00:00+00:00,34,1,42004177,29722.5,29748.0,29710.25,29726.5,13,NQU6
2026-05-21 22:00:00+00:00,34,1,42004177,29780.25,29817.5,29780.25,29817.25,9,NQU6
2026-05-21 23:00:00+00:00,34,1,42004177,29815.0,29853.0,29815.0,29826.25,18,NQU6
2026-05-22 00:00:00+00:00,34,1,42004177,29818.0,29874.75,29818.0,29853.5,30,NQU6
2026-05-22 01:00:00+00:00,34,1,42004177,29824.25,29854.0,29780.0,29801.0,23,NQU6
2026-05-22 02:00:00+00:00,34,1,42004177,29806.75,29830.5,29801.75,29827.75,8,NQU6
2026-05-22 03:00:00+00:00,34,1,42004177,29828.0,29841.0,29828.0,29841.0,4,NQU6
2026-05-22 04:00:00+00:00,34,1,42004177,29855.0,29874.0,29855.0,29874.0,12,NQU6
2026-05-22 05:00:00+00:00,34,1,42004177,29872.75,29881.0,29824.0,29824.0,8,NQU6
2026-05-22 06:00:00+00:00,34,1,42004177,29823.5,29865.0,29822.25,29836.0,24,NQU6
2026-05-22 07:00:00+00:00,34,1,42004177,29829.75,29856.5,29815.0,29854.0,32,NQU6
2026-05-22 08:00:00+00:00,34,1,42004177,29879.0,29935.0,29841.25,29841.25,49,NQU6
2026-05-22 09:00:00+00:00,34,1,42004177,29829.5,29829.5,29778.0,29823.25,21,NQU6
2026-05-22 10:00:00+00:00,34,1,42004177,29790.0,29790.0,29716.25,29747.0,22,NQU6
2026-05-22 11:00:00+00:00,34,1,42004177,29754.0,29790.75,29740.0,29782.0,16,NQU6
2026-05-22 12:00:00+00:00,34,1,42004177,29776.75,29866.75,29776.75,29866.75,32,NQU6
2026-05-22 13:00:00+00:00,34,1,42004177,29843.0,29990.75,29832.0,29868.75,230,NQU6
2026-05-22 14:00:00+00:00,34,1,42004177,29892.25,29929.0,29774.5,29929.0,241,NQU6
2026-05-22 15:00:00+00:00,34,1,42004177,29925.25,29990.75,29925.25,29966.5,183,NQU6
2026-05-22 16:00:00+00:00,34,1,42004177,29958.25,29971.75,29918.25,29950.75,92,NQU6
2026-05-22 17:00:00+00:00,34,1,42004177,29962.75,30025.0,29926.75,29960.0,142,NQU6
2026-05-22 18:00:00+00:00,34,1,42004177,29963.0,29966.75,29903.5,29930.25,48,NQU6
2026-05-22 19:00:00+00:00,34,1,42004177,29927.25,29930.75,29810.0,29834.75,101,NQU6
2026-05-22 20:00:00+00:00,34,1,42004177,29836.5,29841.0,29779.25,29804.0,12,NQU6
2026-05-24 22:00:00+00:00,34,1,42004177,30014.5,30104.0,30014.5,30089.75,85,NQU6
2026-05-24 23:00:00+00:00,34,1,42004177,30101.75,30152.25,30092.5,30120.0,40,NQU6
2026-05-25 00:00:00+00:00,34,1,42004177,30110.25,30200.0,30110.25,30186.75,80,NQU6
2026-05-25 01:00:00+00:00,34,1,42004177,30205.5,30226.0,30203.25,30211.25,7,NQU6
2026-05-25 02:00:00+00:00,34,1,42004177,30206.5,30229.5,30198.75,30229.5,8,NQU6
2026-05-25 03:00:00+00:00,34,1,42004177,30244.75,30257.25,30242.5,30249.0,18,NQU6
2026-05-25 05:00:00+00:00,34,1,42004177,30260.25,30267.25,30259.0,30259.0,7,NQU6
2026-05-25 06:00:00+00:00,34,1,42004177,30232.5,30250.5,30232.5,30250.5,6,NQU6
2026-05-25 07:00:00+00:00,34,1,42004177,30249.0,30268.0,30173.25,30249.25,78,NQU6
2026-05-25 08:00:00+00:00,34,1,42004177,30227.75,30243.0,30223.5,30243.0,9,NQU6
2026-05-25 09:00:00+00:00,34,1,42004177,30250.0,30250.0,30238.0,30238.0,9,NQU6
2026-05-25 10:00:00+00:00,34,1,42004177,30250.0,30254.5,30244.5,30254.5,10,NQU6
2026-05-25 11:00:00+00:00,34,1,42004177,30259.75,30264.25,30259.75,30263.25,14,NQU6
2026-05-25 12:00:00+00:00,34,1,42004177,30266.75,30266.75,30225.0,30225.0,38,NQU6
2026-05-25 13:00:00+00:00,34,1,42004177,30224.0,30272.75,30220.75,30270.5,128,NQU6
2026-05-25 14:00:00+00:00,34,1,42004177,30256.5,30257.0,30191.75,30205.25,181,NQU6
2026-05-25 15:00:00+00:00,34,1,42004177,30208.0,30266.25,30196.0,30204.0,72,NQU6
2026-05-25 16:00:00+00:00,34,1,42004177,30199.25,30248.75,30194.5,30248.75,37,NQU6
2026-05-25 22:00:00+00:00,34,1,42004177,30211.5,30226.25,30177.25,30177.25,29,NQU6
2026-05-25 23:00:00+00:00,34,1,42004177,30159.5,30172.75,30118.0,30167.0,43,NQU6
2026-05-26 00:00:00+00:00,34,1,42004177,30145.0,30145.0,30086.25,30086.25,22,NQU6
2026-05-26 01:00:00+00:00,34,1,42004177,30083.75,30107.75,30052.5,30092.25,33,NQU6
2026-05-26 02:00:00+00:00,34,1,42004177,30086.0,30090.0,30079.25,30087.25,8,NQU6
2026-05-26 04:00:00+00:00,34,1,42004177,30076.5,30078.25,30075.25,30075.25,8,NQU6
2026-05-26 05:00:00+00:00,34,1,42004177,30070.25,30079.5,30070.25,30079.5,13,NQU6
2026-05-26 06:00:00+00:00,34,1,42004177,30114.25,30114.25,30091.0,30108.5,6,NQU6
2026-05-26 07:00:00+00:00,34,1,42004177,30100.0,30100.0,30028.5,30033.5,17,NQU6
2026-05-26 08:00:00+00:00,34,1,42004177,30063.0,30076.0,30063.0,30075.25,5,NQU6
2026-05-26 09:00:00+00:00,34,1,42004177,30091.0,30122.75,30091.0,30122.75,7,NQU6
2026-05-26 10:00:00+00:00,34,1,42004177,30145.0,30189.0,30145.0,30150.0,19,NQU6
2026-05-26 11:00:00+00:00,34,1,42004177,30126.0,30150.0,30106.25,30150.0,24,NQU6
2026-05-26 12:00:00+00:00,34,1,42004177,30156.75,30208.0,30136.25,30206.5,59,NQU6
2026-05-26 13:00:00+00:00,34,1,42004177,30189.0,30277.25,30114.5,30265.0,148,NQU6
2026-05-26 14:00:00+00:00,34,1,42004177,30297.75,30397.0,30262.25,30356.0,156,NQU6
2026-05-26 15:00:00+00:00,34,1,42004177,30327.75,30331.0,30168.0,30208.5,300,NQU6
2026-05-26 16:00:00+00:00,34,1,42004177,30215.0,30291.75,30210.25,30260.25,312,NQU6
2026-05-26 17:00:00+00:00,34,1,42004177,30265.0,30293.75,30238.0,30279.0,72,NQU6
2026-05-26 18:00:00+00:00,34,1,42004177,30275.75,30341.5,30270.25,30294.75,53,NQU6
2026-05-26 19:00:00+00:00,34,1,42004177,30294.0,30391.0,30294.0,30360.0,72,NQU6
2026-05-26 20:00:00+00:00,34,1,42004177,30362.75,30362.75,30318.5,30318.5,32,NQU6
2026-05-26 22:00:00+00:00,34,1,42004177,30343.0,30352.25,30320.75,30324.0,19,NQU6
2026-05-26 23:00:00+00:00,34,1,42004177,30327.5,30381.75,30327.0,30377.5,15,NQU6
2026-05-27 00:00:00+00:00,34,1,42004177,30385.0,30412.75,30385.0,30412.75,11,NQU6
2026-05-27 01:00:00+00:00,34,1,42004177,30416.0,30435.0,30401.0,30405.25,11,NQU6
2026-05-27 02:00:00+00:00,34,1,42004177,30418.75,30439.75,30418.75,30439.75,10,NQU6
2026-05-27 03:00:00+00:00,34,1,42004177,30420.0,30427.75,30386.75,30386.75,46,NQU6
2026-05-27 04:00:00+00:00,34,1,42004177,30382.0,30403.0,30360.0,30391.5,25,NQU6
2026-05-27 05:00:00+00:00,34,1,42004177,30400.25,30400.25,30364.25,30378.25,14,NQU6
2026-05-27 06:00:00+00:00,34,1,42004177,30386.75,30388.0,30340.0,30347.75,23,NQU6
2026-05-27 07:00:00+00:00,34,1,42004177,30363.75,30426.5,30363.75,30424.5,37,NQU6
2026-05-27 08:00:00+00:00,34,1,42004177,30427.75,30497.0,30421.0,30476.75,45,NQU6
2026-05-27 09:00:00+00:00,34,1,42004177,30478.0,30495.0,30462.0,30495.0,123,NQU6
2026-05-27 10:00:00+00:00,34,1,42004177,30503.0,30531.0,30503.0,30521.0,59,NQU6
2026-05-27 11:00:00+00:00,34,1,42004177,30526.25,30572.5,30526.25,30550.5,46,NQU6
2026-05-27 12:00:00+00:00,34,1,42004177,30542.25,30656.25,30538.0,30546.75,106,NQU6
2026-05-27 13:00:00+00:00,34,1,42004177,30549.75,30552.25,30224.25,30341.0,525,NQU6
2026-05-27 14:00:00+00:00,34,1,42004177,30344.25,30375.0,30161.75,30233.0,548,NQU6
2026-05-27 15:00:00+00:00,34,1,42004177,30221.5,30262.25,30166.5,30219.5,1302,NQU6
2026-05-27 16:00:00+00:00,34,1,42004177,30220.0,30329.25,30205.5,30269.5,334,NQU6
2026-05-27 17:00:00+00:00,34,1,42004177,30277.5,30277.5,30180.25,30275.0,377,NQU6
2026-05-27 18:00:00+00:00,34,1,42004177,30259.75,30341.75,30255.5,30322.5,79,NQU6
2026-05-27 19:00:00+00:00,34,1,42004177,30316.0,30352.0,30297.75,30332.5,290,NQU6
2026-05-27 20:00:00+00:00,34,1,42004177,30329.0,30410.0,30325.5,30410.0,60,NQU6
2026-05-27 22:00:00+00:00,34,1,42004177,30404.75,30410.0,30316.0,30349.0,21,NQU6
2026-05-27 23:00:00+00:00,34,1,42004177,30357.5,30357.5,30262.5,30283.25,13,NQU6
2026-05-28 00:00:00+00:00,34,1,42004177,30280.0,30371.75,30260.0,30371.75,19,NQU6
2026-05-28 01:00:00+00:00,34,1,42004177,30333.0,30358.25,30320.0,30358.25,10,NQU6
2026-05-28 02:00:00+00:00,34,1,42004177,30365.0,30365.0,30261.0,30261.0,32,NQU6
2026-05-28 03:00:00+00:00,34,1,42004177,30255.0,30255.0,30084.5,30089.0,399,NQU6
2026-05-28 04:00:00+00:00,34,1,42004177,30089.75,30100.0,30058.0,30069.25,141,NQU6
2026-05-28 05:00:00+00:00,34,1,42004177,30064.5,30197.0,30049.5,30193.0,124,NQU6
2026-05-28 06:00:00+00:00,34,1,42004177,30200.0,30215.75,30175.0,30198.0,28,NQU6
2026-05-28 07:00:00+00:00,34,1,42004177,30209.0,30241.0,30209.0,30239.5,25,NQU6
2026-05-28 08:00:00+00:00,34,1,42004177,30249.25,30268.5,30249.0,30265.5,9,NQU6
2026-05-28 09:00:00+00:00,34,1,42004177,30276.25,30281.0,30227.25,30261.0,25,NQU6
2026-05-28 10:00:00+00:00,34,1,42004177,30243.0,30243.0,30155.5,30170.25,24,NQU6
2026-05-28 11:00:00+00:00,34,1,42004177,30177.75,30224.75,30158.25,30205.0,20,NQU6
2026-05-28 12:00:00+00:00,34,1,42004177,30209.0,30350.75,30209.0,30346.75,28,NQU6
2026-05-28 13:00:00+00:00,34,1,42004177,30346.75,30393.0,30217.0,30276.5,278,NQU6
2026-05-28 14:00:00+00:00,34,1,42004177,30298.75,30474.5,30263.75,30474.5,441,NQU6
2026-05-28 15:00:00+00:00,34,1,42004177,30475.25,30580.25,30473.0,30548.75,182,NQU6
2026-05-28 16:00:00+00:00,34,1,42004177,30556.25,30618.75,30530.0,30618.75,121,NQU6
2026-05-28 17:00:00+00:00,34,1,42004177,30620.25,30633.75,30574.0,30612.75,294,NQU6
2026-05-28 18:00:00+00:00,34,1,42004177,30613.0,30625.5,30574.75,30606.0,118,NQU6
2026-05-28 19:00:00+00:00,34,1,42004177,30600.0,30618.0,30570.5,30597.5,137,NQU6
2026-05-28 20:00:00+00:00,34,1,42004177,30602.75,30621.25,30601.75,30601.75,79,NQU6
2026-05-28 22:00:00+00:00,34,1,42004177,30626.25,30643.75,30586.0,30586.0,21,NQU6
2026-05-28 23:00:00+00:00,34,1,42004177,30593.25,30615.5,30593.25,30600.0,7,NQU6
2026-05-29 00:00:00+00:00,34,1,42004177,30595.0,30595.0,30535.25,30544.0,27,NQU6
2026-05-29 01:00:00+00:00,34,1,42004177,30545.0,30545.0,30517.75,30540.75,30,NQU6
2026-05-29 02:00:00+00:00,34,1,42004177,30558.5,30558.5,30528.25,30534.5,11,NQU6
2026-05-29 03:00:00+00:00,34,1,42004177,30550.0,30567.75,30550.0,30553.25,12,NQU6
2026-05-29 04:00:00+00:00,34,1,42004177,30555.5,30593.0,30555.5,30588.5,18,NQU6
2026-05-29 05:00:00+00:00,34,1,42004177,30590.5,30609.75,30586.75,30599.0,18,NQU6
2026-05-29 06:00:00+00:00,34,1,42004177,30608.25,30641.0,30608.25,30641.0,8,NQU6
2026-05-29 07:00:00+00:00,34,1,42004177,30624.5,30629.0,30574.5,30574.5,16,NQU6
2026-05-29 08:00:00+00:00,34,1,42004177,30588.0,30608.0,30588.0,30597.25,6,NQU6
2026-05-29 09:00:00+00:00,34,1,42004177,30611.0,30660.0,30611.0,30630.25,22,NQU6
2026-05-29 10:00:00+00:00,34,1,42004177,30615.0,30639.5,30594.25,30630.75,18,NQU6
2026-05-29 11:00:00+00:00,34,1,42004177,30648.25,30659.0,30595.25,30616.25,24,NQU6
2026-05-29 12:00:00+00:00,34,1,42004177,30609.5,30641.0,30590.0,30641.0,17,NQU6
2026-05-29 13:00:00+00:00,34,1,42004177,30655.0,30809.75,30635.5,30809.75,156,NQU6
2026-05-29 14:00:00+00:00,34,1,42004177,30818.0,30826.25,30564.0,30662.0,401,NQU6
2026-05-29 15:00:00+00:00,34,1,42004177,30659.5,30728.5,30633.0,30652.5,284,NQU6
2026-05-29 16:00:00+00:00,34,1,42004177,30650.5,30737.5,30650.5,30676.5,118,NQU6
2026-05-29 17:00:00+00:00,34,1,42004177,30686.0,30697.5,30586.25,30589.5,96,NQU6
2026-05-29 18:00:00+00:00,34,1,42004177,30592.5,30683.5,30590.5,30614.25,120,NQU6
2026-05-29 19:00:00+00:00,34,1,42004177,30622.5,30733.25,30622.5,30687.25,140,NQU6
2026-05-29 20:00:00+00:00,34,1,42004177,30686.75,30692.75,30673.25,30680.25,11,NQU6
2026-05-31 22:00:00+00:00,34,1,42004177,30705.75,30761.5,30645.5,30757.0,60,NQU6
2026-05-31 23:00:00+00:00,34,1,42004177,30755.0,30770.0,30753.25,30770.0,18,NQU6
2026-06-01 00:00:00+00:00,34,1,42004177,30775.0,30844.5,30775.0,30831.5,53,NQU6
2026-06-01 01:00:00+00:00,34,1,42004177,30820.0,30845.0,30820.0,30841.25,25,NQU6
2026-06-01 02:00:00+00:00,34,1,42004177,30855.0,30858.75,30840.0,30840.0,12,NQU6
2026-06-01 03:00:00+00:00,34,1,42004177,30850.0,30881.0,30832.0,30832.0,75,NQU6
2026-06-01 04:00:00+00:00,34,1,42004177,30848.5,30872.75,30848.5,30871.0,29,NQU6
2026-06-01 05:00:00+00:00,34,1,42004177,30865.5,30873.0,30851.75,30851.75,7,NQU6
2026-06-01 06:00:00+00:00,34,1,42004177,30877.0,30881.5,30862.0,30873.5,11,NQU6
2026-06-01 07:00:00+00:00,34,1,42004177,30885.0,30885.0,30791.0,30805.5,65,NQU6
2026-06-01 08:00:00+00:00,34,1,42004177,30806.0,30806.75,30743.5,30787.25,84,NQU6
2026-06-01 09:00:00+00:00,34,1,42004177,30796.5,30797.75,30749.0,30749.0,12,NQU6
2026-06-01 10:00:00+00:00,34,1,42004177,30762.0,30792.5,30745.25,30789.5,17,NQU6
2026-06-01 11:00:00+00:00,34,1,42004177,30780.0,30788.0,30750.0,30756.25,25,NQU6
2026-06-01 12:00:00+00:00,34,1,42004177,30746.0,30781.0,30708.5,30741.5,59,NQU6
2026-06-01 13:00:00+00:00,34,1,42004177,30737.0,30751.0,30575.0,30610.0,415,NQU6
2026-06-01 14:00:00+00:00,34,1,42004177,30610.0,30730.75,30587.75,30725.0,217,NQU6
2026-06-01 15:00:00+00:00,34,1,42004177,30728.5,30845.5,30708.0,30792.5,174,NQU6
2026-06-01 16:00:00+00:00,34,1,42004177,30808.25,30874.0,30745.0,30867.75,157,NQU6
2026-06-01 17:00:00+00:00,34,1,42004177,30869.25,30982.75,30828.0,30965.5,250,NQU6
2026-06-01 18:00:00+00:00,34,1,42004177,30959.0,30962.25,30908.0,30923.0,85,NQU6
2026-06-01 19:00:00+00:00,34,1,42004177,30905.0,30938.0,30850.0,30856.75,64,NQU6
2026-06-01 20:00:00+00:00,34,1,42004177,30862.75,30865.0,30800.0,30820.5,18,NQU6
2026-06-01 22:00:00+00:00,34,1,42004177,30812.0,30812.0,30732.75,30744.5,27,NQU6
2026-06-01 23:00:00+00:00,34,1,42004177,30751.5,30774.5,30744.5,30744.5,24,NQU6
2026-06-02 00:00:00+00:00,34,1,42004177,30745.0,30745.0,30675.0,30675.0,28,NQU6
2026-06-02 01:00:00+00:00,34,1,42004177,30664.5,30689.5,30634.75,30634.75,72,NQU6
2026-06-02 02:00:00+00:00,34,1,42004177,30613.75,30668.0,30613.75,30668.0,22,NQU6
2026-06-02 03:00:00+00:00,34,1,42004177,30657.0,30658.0,30608.0,30651.0,48,NQU6
2026-06-02 04:00:00+00:00,34,1,42004177,30658.75,30725.0,30658.75,30725.0,28,NQU6
2026-06-02 05:00:00+00:00,34,1,42004177,30735.25,30771.25,30728.75,30770.0,19,NQU6
2026-06-02 06:00:00+00:00,34,1,42004177,30770.25,30808.75,30770.25,30805.0,60,NQU6
2026-06-02 07:00:00+00:00,34,1,42004177,30816.0,30837.25,30807.5,30815.5,36,NQU6
2026-06-02 08:00:00+00:00,34,1,42004177,30827.5,30857.75,30827.5,30836.0,26,NQU6
2026-06-02 09:00:00+00:00,34,1,42004177,30825.0,30875.0,30822.5,30862.75,29,NQU6
2026-06-02 10:00:00+00:00,34,1,42004177,30846.25,30860.75,30821.0,30827.0,18,NQU6
2026-06-02 11:00:00+00:00,34,1,42004177,30826.75,30861.25,30818.5,30847.25,27,NQU6
2026-06-02 12:00:00+00:00,34,1,42004177,30823.25,30850.5,30816.0,30828.25,59,NQU6
2026-06-02 13:00:00+00:00,34,1,42004177,30822.25,30893.0,30719.5,30893.0,205,NQU6
2026-06-02 14:00:00+00:00,34,1,42004177,30873.5,30936.5,30830.5,30919.5,224,NQU6
2026-06-02 15:00:00+00:00,34,1,42004177,30936.0,30989.5,30903.75,30988.0,200,NQU6
2026-06-02 16:00:00+00:00,34,1,42004177,30968.75,31003.25,30934.25,30982.0,133,NQU6
2026-06-02 17:00:00+00:00,34,1,42004177,30972.5,30993.0,30901.0,30924.0,111,NQU6
2026-06-02 18:00:00+00:00,34,1,42004177,30920.5,30951.0,30887.75,30924.75,135,NQU6
2026-06-02 19:00:00+00:00,34,1,42004177,30937.5,31011.0,30937.5,31009.0,124,NQU6
2026-06-02 20:00:00+00:00,34,1,42004177,31000.5,31053.25,30995.0,31031.75,59,NQU6
2026-06-02 22:00:00+00:00,34,1,42004177,31011.25,31044.0,30998.0,31002.75,49,NQU6
2026-06-02 23:00:00+00:00,34,1,42004177,30980.0,31000.5,30860.0,31000.5,130,NQU6
2026-06-03 00:00:00+00:00,34,1,42004177,31000.0,31019.5,30967.25,31013.0,37,NQU6
2026-06-03 01:00:00+00:00,34,1,42004177,31005.25,31005.25,30947.0,30971.5,28,NQU6
2026-06-03 02:00:00+00:00,34,1,42004177,30974.5,30980.25,30960.25,30960.25,25,NQU6
2026-06-03 03:00:00+00:00,34,1,42004177,30980.0,30995.0,30980.0,30992.5,14,NQU6
2026-06-03 04:00:00+00:00,34,1,42004177,31016.75,31020.5,30996.0,30996.0,23,NQU6
2026-06-03 05:00:00+00:00,34,1,42004177,30975.5,31010.0,30975.5,30976.5,16,NQU6
2026-06-03 06:00:00+00:00,34,1,42004177,30988.0,31009.0,30966.5,30984.25,54,NQU6
2026-06-03 07:00:00+00:00,34,1,42004177,30983.25,31030.0,30983.25,31012.0,57,NQU6
2026-06-03 08:00:00+00:00,34,1,42004177,31015.0,31034.25,31001.75,31013.25,52,NQU6
2026-06-03 09:00:00+00:00,34,1,42004177,31006.25,31060.0,31006.25,31050.0,55,NQU6
2026-06-03 10:00:00+00:00,34,1,42004177,31013.0,31075.0,31013.0,31049.25,47,NQU6
2026-06-03 11:00:00+00:00,34,1,42004177,31071.75,31086.0,31059.0,31081.75,29,NQU6
2026-06-03 12:00:00+00:00,34,1,42004177,31088.5,31088.5,30996.25,31010.75,40,NQU6
2026-06-03 13:00:00+00:00,34,1,42004177,31022.25,31100.0,30791.75,30850.5,568,NQU6
2026-06-03 14:00:00+00:00,34,1,42004177,30878.25,31033.0,30878.25,30950.0,510,NQU6
2026-06-03 15:00:00+00:00,34,1,42004177,30960.0,31004.25,30863.0,30897.25,462,NQU6
2026-06-03 16:00:00+00:00,34,1,42004177,30877.0,30911.0,30800.0,30897.0,383,NQU6
2026-06-03 17:00:00+00:00,34,1,42004177,30891.0,30939.0,30815.0,30933.5,194,NQU6
2026-06-03 18:00:00+00:00,34,1,42004177,30934.0,30972.25,30903.75,30944.25,88,NQU6
2026-06-03 19:00:00+00:00,34,1,42004177,30937.5,30986.0,30912.0,30934.5,223,NQU6
2026-06-03 20:00:00+00:00,34,1,42004177,30929.5,30932.25,30778.0,30793.75,193,NQU6
2026-06-03 22:00:00+00:00,34,1,42004177,30729.0,30776.25,30679.0,30763.25,54,NQU6
2026-06-03 23:00:00+00:00,34,1,42004177,30715.75,30715.75,30669.0,30715.5,32,NQU6
2026-06-04 00:00:00+00:00,34,1,42004177,30731.0,30794.25,30723.5,30793.25,35,NQU6
2026-06-04 01:00:00+00:00,34,1,42004177,30800.0,30820.0,30746.75,30746.75,37,NQU6
2026-06-04 02:00:00+00:00,34,1,42004177,30721.75,30733.25,30663.25,30717.0,60,NQU6
2026-06-04 03:00:00+00:00,34,1,42004177,30734.5,30779.25,30734.5,30769.5,28,NQU6
2026-06-04 04:00:00+00:00,34,1,42004177,30779.25,30798.75,30770.5,30796.0,15,NQU6
2026-06-04 05:00:00+00:00,34,1,42004177,30750.0,30788.75,30750.0,30758.5,13,NQU6
2026-06-04 06:00:00+00:00,34,1,42004177,30775.5,30827.25,30762.5,30827.25,20,NQU6
2026-06-04 07:00:00+00:00,34,1,42004177,30818.25,30828.75,30796.25,30796.25,16,NQU6
2026-06-04 08:00:00+00:00,34,1,42004177,30790.0,30790.0,30626.5,30651.0,44,NQU6
2026-06-04 09:00:00+00:00,34,1,42004177,30620.0,30640.0,30547.25,30629.75,187,NQU6
2026-06-04 10:00:00+00:00,34,1,42004177,30612.5,30624.75,30500.0,30530.75,117,NQU6
2026-06-04 11:00:00+00:00,34,1,42004177,30540.25,30572.75,30456.0,30562.0,103,NQU6
2026-06-04 12:00:00+00:00,34,1,42004177,30569.25,30621.25,30522.0,30600.5,131,NQU6
2026-06-04 13:00:00+00:00,34,1,42004177,30596.0,30655.75,30488.0,30548.0,522,NQU6
2026-06-04 14:00:00+00:00,34,1,42004177,30551.25,30650.0,30445.0,30649.75,667,NQU6
2026-06-04 15:00:00+00:00,34,1,42004177,30651.5,30761.25,30651.25,30711.0,334,NQU6
2026-06-04 16:00:00+00:00,34,1,42004177,30699.75,30789.5,30696.0,30779.5,112,NQU6
2026-06-04 17:00:00+00:00,34,1,42004177,30765.25,30860.0,30764.25,30860.0,185,NQU6
2026-06-04 18:00:00+00:00,34,1,42004177,30854.75,30893.5,30852.75,30852.75,380,NQU6
2026-06-04 19:00:00+00:00,34,1,42004177,30861.5,30898.0,30780.25,30780.25,163,NQU6
2026-06-04 20:00:00+00:00,34,1,42004177,30781.5,30782.0,30697.5,30711.5,518,NQU6
2026-06-04 22:00:00+00:00,34,1,42004177,30705.75,30705.75,30618.75,30656.5,44,NQU6
2026-06-04 23:00:00+00:00,34,1,42004177,30660.0,30660.0,30560.0,30561.5,34,NQU6
2026-06-05 00:00:00+00:00,34,1,42004177,30536.75,30543.0,30423.25,30445.75,66,NQU6
2026-06-05 01:00:00+00:00,34,1,42004177,30431.75,30481.25,30350.25,30481.25,87,NQU6
2026-06-05 02:00:00+00:00,34,1,42004177,30485.0,30540.0,30485.0,30525.5,31,NQU6
2026-06-05 03:00:00+00:00,34,1,42004177,30508.25,30524.5,30446.0,30457.25,35,NQU6
2026-06-05 04:00:00+00:00,34,1,42004177,30475.5,30534.5,30467.75,30529.5,28,NQU6
2026-06-05 05:00:00+00:00,34,1,42004177,30514.0,30515.0,30460.5,30466.75,55,NQU6
2026-06-05 06:00:00+00:00,34,1,42004177,30472.0,30504.75,30410.25,30420.0,77,NQU6
2026-06-05 07:00:00+00:00,34,1,42004177,30401.0,30452.25,30368.0,30440.0,180,NQU6
2026-06-05 08:00:00+00:00,34,1,42004177,30415.25,30513.25,30415.25,30452.25,75,NQU6
2026-06-05 09:00:00+00:00,34,1,42004177,30460.25,30552.0,30460.25,30490.0,115,NQU6
2026-06-05 10:00:00+00:00,34,1,42004177,30493.0,30529.0,30490.5,30496.25,42,NQU6
2026-06-05 11:00:00+00:00,34,1,42004177,30478.5,30486.0,30436.75,30440.0,123,NQU6
2026-06-05 12:00:00+00:00,34,1,42004177,30436.75,30445.0,30334.5,30349.75,415,NQU6
2026-06-05 13:00:00+00:00,34,1,42004177,30345.0,30390.5,30068.25,30070.75,1048,NQU6
2026-06-05 14:00:00+00:00,34,1,42004177,30064.5,30228.5,30050.0,30142.5,1202,NQU6
2026-06-05 15:00:00+00:00,34,1,42004177,30141.25,30145.25,29911.75,29941.5,870,NQU6
2026-06-05 16:00:00+00:00,34,1,42004177,29926.0,29926.0,29672.5,29773.75,1339,NQU6
2026-06-05 17:00:00+00:00,34,1,42004177,29767.75,29787.75,29650.25,29754.75,1350,NQU6
2026-06-05 18:00:00+00:00,34,1,42004177,29755.25,29760.25,29380.25,29476.0,1298,NQU6
2026-06-05 19:00:00+00:00,34,1,42004177,29464.0,29487.5,29257.0,29294.5,1331,NQU6
2026-06-05 20:00:00+00:00,34,1,42004177,29300.0,29320.75,29070.0,29117.75,557,NQU6
2026-06-07 22:00:00+00:00,34,1,42004177,29118.25,29299.0,29105.0,29183.75,227,NQU6
2026-06-07 23:00:00+00:00,34,1,42004177,29206.0,29379.75,29203.75,29368.0,128,NQU6
2026-06-08 00:00:00+00:00,34,1,42004177,29356.75,29571.75,29349.5,29489.75,312,NQU6
2026-06-08 01:00:00+00:00,34,1,42004177,29502.0,29517.25,29300.0,29442.25,398,NQU6
2026-06-08 02:00:00+00:00,34,1,42004177,29463.75,29520.5,29395.0,29518.0,177,NQU6
2026-06-08 03:00:00+00:00,34,1,42004177,29508.5,29515.0,29470.0,29492.5,153,NQU6
2026-06-08 04:00:00+00:00,34,1,42004177,29502.5,29502.5,29373.25,29373.25,882,NQU6
2026-06-08 05:00:00+00:00,34,1,42004177,29383.75,29402.25,29255.25,29269.75,181,NQU6
2026-06-08 06:00:00+00:00,34,1,42004177,29315.25,29421.75,29299.5,29380.0,350,NQU6
2026-06-08 07:00:00+00:00,34,1,42004177,29382.25,29565.0,29375.0,29550.25,141,NQU6
2026-06-08 08:00:00+00:00,34,1,42004177,29526.5,29550.0,29444.0,29451.0,165,NQU6
2026-06-08 09:00:00+00:00,34,1,42004177,29473.5,29535.0,29435.75,29516.0,131,NQU6
2026-06-08 10:00:00+00:00,34,1,42004177,29512.0,29555.0,29458.25,29528.0,108,NQU6
2026-06-08 11:00:00+00:00,34,1,42004177,29511.25,29723.25,29500.0,29662.25,386,NQU6
2026-06-08 12:00:00+00:00,34,1,42004177,29686.25,29790.5,29650.0,29771.75,414,NQU6
2026-06-08 13:00:00+00:00,34,1,42004177,29773.25,29886.25,29634.0,29634.0,1219,NQU6
2026-06-08 14:00:00+00:00,34,1,42004177,29635.75,29970.0,29621.0,29970.0,1381,NQU6
2026-06-08 15:00:00+00:00,34,1,42004177,29964.25,30030.0,29849.0,29892.5,631,NQU6
2026-06-08 16:00:00+00:00,34,1,42004177,29896.25,29979.25,29847.25,29873.0,423,NQU6
2026-06-08 17:00:00+00:00,34,1,42004177,29860.0,29907.5,29774.25,29846.25,620,NQU6
2026-06-08 18:00:00+00:00,34,1,42004177,29851.25,29901.25,29816.75,29827.0,300,NQU6
2026-06-08 19:00:00+00:00,34,1,42004177,29834.25,29835.75,29666.25,29738.75,391,NQU6
2026-06-08 20:00:00+00:00,34,1,42004177,29751.75,29753.75,29685.5,29720.0,112,NQU6
2026-06-08 22:00:00+00:00,34,1,42004177,29756.5,29756.5,29611.0,29705.25,108,NQU6
2026-06-08 23:00:00+00:00,34,1,42004177,29702.0,29762.5,29677.5,29677.5,35,NQU6
2026-06-09 00:00:00+00:00,34,1,42004177,29720.25,29720.25,29600.0,29628.0,40,NQU6
2026-06-09 01:00:00+00:00,34,1,42004177,29635.0,29830.0,29626.75,29770.0,95,NQU6
2026-06-09 02:00:00+00:00,34,1,42004177,29773.25,29807.25,29751.25,29802.75,73,NQU6
2026-06-09 03:00:00+00:00,34,1,42004177,29804.75,29883.5,29794.5,29870.25,80,NQU6
2026-06-09 04:00:00+00:00,34,1,42004177,29875.5,29917.0,29865.75,29898.25,134,NQU6
2026-06-09 05:00:00+00:00,34,1,42004177,29896.75,29933.0,29885.0,29925.5,112,NQU6
2026-06-09 06:00:00+00:00,34,1,42004177,29927.25,29962.25,29892.0,29906.5,72,NQU6
2026-06-09 07:00:00+00:00,34,1,42004177,29924.0,29980.0,29875.0,29883.25,97,NQU6
2026-06-09 08:00:00+00:00,34,1,42004177,29880.75,29975.25,29857.0,29930.25,122,NQU6
2026-06-09 09:00:00+00:00,34,1,42004177,29944.25,29984.25,29933.75,29981.5,52,NQU6
2026-06-09 10:00:00+00:00,34,1,42004177,29971.5,29988.75,29915.25,29976.0,132,NQU6
2026-06-09 11:00:00+00:00,34,1,42004177,29993.0,30019.5,29966.0,29974.5,158,NQU6
2026-06-09 12:00:00+00:00,34,1,42004177,29974.5,30025.25,29958.0,30025.25,124,NQU6
2026-06-09 13:00:00+00:00,34,1,42004177,30024.0,30139.0,29930.5,29968.5,1199,NQU6
2026-06-09 14:00:00+00:00,34,1,42004177,29954.5,29998.75,29372.75,29525.0,3423,NQU6
2026-06-09 15:00:00+00:00,34,1,42004177,29524.75,29588.75,28967.75,28976.75,2758,NQU6
2026-06-09 16:00:00+00:00,34,1,42004177,28973.0,29066.0,28512.0,28760.75,3102,NQU6
2026-06-09 17:00:00+00:00,34,1,42004177,28781.25,29207.0,28751.25,29107.25,1753,NQU6
2026-06-09 18:00:00+00:00,34,1,42004177,29115.75,29368.25,29071.5,29351.25,1202,NQU6
2026-06-09 19:00:00+00:00,34,1,42004177,29337.25,29428.5,29124.25,29398.75,1058,NQU6
2026-06-09 20:00:00+00:00,34,1,42004177,29405.25,29477.0,29368.75,29410.0,241,NQU6
2026-06-09 22:00:00+00:00,34,1,42004177,29387.0,29393.0,29269.0,29311.75,139,NQU6
2026-06-09 23:00:00+00:00,34,1,42004177,29319.5,29376.75,29267.75,29338.0,138,NQU6
2026-06-10 00:00:00+00:00,34,1,42004177,29357.75,29456.5,29252.0,29378.5,229,NQU6
2026-06-10 01:00:00+00:00,34,1,42004177,29360.25,29396.0,29304.0,29323.25,167,NQU6
2026-06-10 02:00:00+00:00,34,1,42004177,29313.75,29325.0,29247.5,29267.5,142,NQU6
2026-06-10 03:00:00+00:00,34,1,42004177,29261.25,29330.0,29261.25,29283.0,49,NQU6
2026-06-10 04:00:00+00:00,34,1,42004177,29276.5,29276.5,29155.5,29179.75,96,NQU6
2026-06-10 05:00:00+00:00,34,1,42004177,29175.5,29246.5,29140.0,29227.0,163,NQU6
2026-06-10 06:00:00+00:00,34,1,42004177,29229.0,29292.5,29226.5,29245.75,174,NQU6
2026-06-10 07:00:00+00:00,34,1,42004177,29261.75,29272.75,29215.5,29254.0,58,NQU6
2026-06-10 08:00:00+00:00,34,1,42004177,29240.0,29240.0,29024.0,29037.0,356,NQU6
2026-06-10 09:00:00+00:00,34,1,42004177,29037.5,29106.0,28965.25,29057.5,426,NQU6
2026-06-10 10:00:00+00:00,34,1,42004177,29060.0,29111.25,28986.5,29108.25,121,NQU6
2026-06-10 11:00:00+00:00,34,1,42004177,29100.5,29117.0,28899.0,28957.75,371,NQU6
2026-06-10 12:00:00+00:00,34,1,42004177,28956.25,29271.25,28948.25,29110.75,666,NQU6
2026-06-10 13:00:00+00:00,34,1,42004177,29115.0,29453.25,29045.0,29291.5,1445,NQU6
2026-06-10 14:00:00+00:00,34,1,42004177,29315.0,29537.0,29141.75,29179.75,1512,NQU6
2026-06-10 15:00:00+00:00,34,1,42004177,29178.75,29261.0,28908.75,29132.75,1787,NQU6
2026-06-10 16:00:00+00:00,34,1,42004177,29133.5,29164.75,28944.5,28990.5,1196,NQU6
2026-06-10 17:00:00+00:00,34,1,42004177,28993.5,29069.5,28889.5,29057.25,443,NQU6
2026-06-10 18:00:00+00:00,34,1,42004177,29076.0,29102.25,28856.25,28892.0,485,NQU6
2026-06-10 19:00:00+00:00,34,1,42004177,28872.0,28937.5,28777.0,28804.75,651,NQU6
2026-06-10 20:00:00+00:00,34,1,42004177,28810.25,28816.25,28688.5,28734.25,244,NQU6
2026-06-10 22:00:00+00:00,34,1,42004177,28736.0,28742.0,28605.0,28606.5,212,NQU6
2026-06-10 23:00:00+00:00,34,1,42004177,28615.75,28716.0,28546.5,28635.5,305,NQU6
2026-06-11 00:00:00+00:00,34,1,42004177,28643.5,28840.75,28613.75,28826.0,329,NQU6
2026-06-11 01:00:00+00:00,34,1,42004177,28837.0,29039.75,28837.0,28920.0,509,NQU6
2026-06-11 02:00:00+00:00,34,1,42004177,28922.25,28970.0,28821.0,28914.5,268,NQU6
2026-06-11 03:00:00+00:00,34,1,42004177,28920.75,29024.0,28860.75,29016.25,226,NQU6
2026-06-11 04:00:00+00:00,34,1,42004177,29012.75,29077.75,28988.0,29053.0,168,NQU6
2026-06-11 05:00:00+00:00,34,1,42004177,29055.0,29055.0,28991.0,29023.0,150,NQU6
2026-06-11 06:00:00+00:00,34,1,42004177,29005.0,29069.75,28961.5,29069.0,197,NQU6
2026-06-11 07:00:00+00:00,34,1,42004177,29078.0,29147.25,29045.0,29127.25,449,NQU6
2026-06-11 08:00:00+00:00,34,1,42004177,29127.25,29215.75,29127.25,29194.5,329,NQU6
2026-06-11 09:00:00+00:00,34,1,42004177,29195.5,29201.75,29138.5,29162.5,453,NQU6
2026-06-11 10:00:00+00:00,34,1,42004177,29159.0,29195.25,29157.75,29162.0,229,NQU6
2026-06-11 11:00:00+00:00,34,1,42004177,29150.25,29186.0,29096.0,29183.25,535,NQU6
2026-06-11 12:00:00+00:00,34,1,42004177,29181.0,29194.75,28927.0,29093.75,1769,NQU6
2026-06-11 13:00:00+00:00,34,1,42004177,29088.5,29295.75,28930.0,29178.75,4314,NQU6
2026-06-11 14:00:00+00:00,34,1,42004177,29188.5,29329.25,28884.0,28927.5,4214,NQU6
2026-06-11 15:00:00+00:00,34,1,42004177,28909.0,29180.0,28854.0,29135.0,1305,NQU6
2026-06-11 16:00:00+00:00,34,1,42004177,29140.75,29252.25,29049.0,29049.0,1671,NQU6
2026-06-11 17:00:00+00:00,34,1,42004177,29042.5,29582.25,28961.5,29500.0,3207,NQU6
2026-06-11 18:00:00+00:00,34,1,42004177,29499.0,29592.25,29350.0,29540.0,4472,NQU6
2026-06-11 19:00:00+00:00,34,1,42004177,29563.25,29825.0,29512.75,29742.75,4822,NQU6
2026-06-11 20:00:00+00:00,34,1,42004177,29743.0,29804.0,29697.25,29715.5,1201,NQU6
2026-06-11 22:00:00+00:00,34,1,42004177,29739.0,29873.25,29733.75,29846.0,645,NQU6
2026-06-11 23:00:00+00:00,34,1,42004177,29844.75,29876.0,29776.25,29860.0,651,NQU6
2026-06-12 00:00:00+00:00,34,1,42004177,29858.75,29928.0,29820.25,29870.75,2433,NQU6
2026-06-12 01:00:00+00:00,34,1,42004177,29870.5,29870.5,29749.75,29836.5,2073,NQU6
2026-06-12 02:00:00+00:00,34,1,42004177,29837.5,29869.25,29790.25,29848.0,1345,NQU6
2026-06-12 03:00:00+00:00,34,1,42004177,29847.5,29847.5,29778.0,29814.5,1187,NQU6
2026-06-12 04:00:00+00:00,34,1,42004177,29815.0,29837.5,29776.75,29832.5,981,NQU6
2026-06-12 05:00:00+00:00,34,1,42004177,29832.25,29842.25,29665.0,29690.25,2040,NQU6
2026-06-12 06:00:00+00:00,34,1,42004177,29691.5,29761.75,29621.25,29645.0,1898,NQU6
2026-06-12 07:00:00+00:00,34,1,42004177,29648.75,29743.25,29549.75,29718.5,2425,NQU6
2026-06-12 08:00:00+00:00,34,1,42004177,29719.75,29855.0,29706.5,29768.5,2029,NQU6
2026-06-12 09:00:00+00:00,34,1,42004177,29769.75,29958.0,29768.0,29914.5,2358,NQU6
2026-06-12 10:00:00+00:00,34,1,42004177,29910.75,29948.75,29809.75,29844.75,2075,NQU6
2026-06-12 11:00:00+00:00,34,1,42004177,29846.25,29953.5,29843.75,29929.75,1926,NQU6
2026-06-12 12:00:00+00:00,34,1,42004177,29929.0,29937.5,29677.5,29699.75,3961,NQU6
2026-06-12 13:00:00+00:00,34,1,42004177,29693.75,29792.0,29515.75,29646.25,16385,NQU6
2026-06-12 14:00:00+00:00,34,1,42004177,29646.25,29938.0,29625.0,29924.0,18476,NQU6
2026-06-12 15:00:00+00:00,34,1,42004177,29929.0,30052.5,29700.75,29733.25,10679,NQU6
2026-06-12 16:00:00+00:00,34,1,42004177,29732.0,29970.0,29699.25,29964.25,7362,NQU6
2026-06-12 17:00:00+00:00,34,1,42004177,29965.75,30045.0,29941.5,29974.5,4024,NQU6
2026-06-12 18:00:00+00:00,34,1,42004177,29975.0,30012.75,29900.0,29938.5,4317,NQU6
2026-06-12 19:00:00+00:00,34,1,42004177,29934.5,30003.5,29872.75,29942.75,9614,NQU6
2026-06-12 20:00:00+00:00,34,1,42004177,29940.5,30023.5,29938.25,29967.25,2811,NQU6
2026-06-14 22:00:00+00:00,34,1,42004177,30191.0,30394.0,30191.0,30345.5,8062,NQU6
2026-06-14 23:00:00+00:00,34,1,42004177,30349.5,30370.0,30282.0,30349.25,4065,NQU6
2026-06-15 00:00:00+00:00,34,1,42004177,30349.5,30470.0,30339.5,30436.0,7292,NQU6
2026-06-15 01:00:00+00:00,34,1,42004177,30438.25,30485.0,30422.0,30466.75,4484,NQU6
2026-06-15 02:00:00+00:00,34,1,42004177,30466.5,30511.75,30462.5,30502.0,2940,NQU6
2026-06-15 03:00:00+00:00,34,1,42004177,30502.0,30519.5,30480.0,30487.0,2680,NQU6
2026-06-15 04:00:00+00:00,34,1,42004177,30488.0,30532.25,30470.0,30529.25,2393,NQU6
2026-06-15 05:00:00+00:00,34,1,42004177,30529.0,30546.25,30505.25,30536.75,2473,NQU6
2026-06-15 06:00:00+00:00,34,1,42004177,30537.0,30560.0,30519.5,30551.75,3473,NQU6
2026-06-15 07:00:00+00:00,34,1,42004177,30552.25,30574.25,30521.75,30545.25,4332,NQU6
2026-06-15 08:00:00+00:00,34,1,42004177,30544.5,30628.25,30539.5,30591.75,5403,NQU6
2026-06-15 09:00:00+00:00,34,1,42004177,30592.75,30604.25,30509.5,30550.25,3956,NQU6
2026-06-15 10:00:00+00:00,34,1,42004177,30549.75,30571.75,30530.0,30561.5,2871,NQU6
2026-06-15 11:00:00+00:00,34,1,42004177,30562.5,30622.75,30554.25,30599.25,6191,NQU6
2026-06-15 12:00:00+00:00,34,1,42004177,30599.5,30616.75,30538.5,30581.5,9479,NQU6
2026-06-15 13:00:00+00:00,34,1,42004177,30581.25,30800.0,30562.5,30703.75,56478,NQU6
2026-06-15 14:00:00+00:00,34,1,42004177,30703.75,30800.0,30671.25,30775.0,50285,NQU6
2026-06-15 15:00:00+00:00,34,1,42004177,30776.25,30887.0,30772.5,30879.25,34708,NQU6
2026-06-15 16:00:00+00:00,34,1,42004177,30879.25,30915.0,30850.5,30867.5,25604,NQU6
2026-06-15 17:00:00+00:00,34,1,42004177,30868.0,30893.0,30833.0,30858.75,21188,NQU6
2026-06-15 18:00:00+00:00,34,1,42004177,30858.5,30891.0,30824.0,30861.25,21886,NQU6
2026-06-15 19:00:00+00:00,34,1,42004177,30861.25,30879.0,30815.0,30872.75,42808,NQU6
2026-06-15 20:00:00+00:00,34,1,42004177,30872.5,30894.0,30826.25,30832.0,14916,NQU6
2026-06-15 22:00:00+00:00,34,1,42004177,30838.0,30868.0,30755.0,30808.0,7596,NQU6
2026-06-15 23:00:00+00:00,34,1,42004177,30806.5,30843.25,30794.75,30835.25,4075,NQU6
2026-06-16 00:00:00+00:00,34,1,42004177,30833.5,30853.5,30767.75,30775.25,7606,NQU6
2026-06-16 01:00:00+00:00,34,1,42004177,30775.25,30803.75,30755.5,30784.25,5415,NQU6
2026-06-16 02:00:00+00:00,34,1,42004177,30784.25,30808.75,30770.0,30782.5,3364,NQU6
2026-06-16 03:00:00+00:00,34,1,42004177,30785.0,30860.0,30779.0,30831.5,4479,NQU6
2026-06-16 04:00:00+00:00,34,1,42004177,30832.75,30837.0,30794.25,30814.75,2996,NQU6
2026-06-16 05:00:00+00:00,34,1,42004177,30815.5,30846.5,30796.0,30805.25,3663,NQU6
2026-06-16 06:00:00+00:00,34,1,42004177,30806.5,30838.75,30797.75,30828.0,4288,NQU6
2026-06-16 07:00:00+00:00,34,1,42004177,30827.5,30848.5,30808.0,30840.5,5733,NQU6
2026-06-16 08:00:00+00:00,34,1,42004177,30841.25,30944.5,30829.0,30927.25,8598,NQU6
2026-06-16 09:00:00+00:00,34,1,42004177,30926.0,30931.75,30863.25,30870.25,5752,NQU6
2026-06-16 10:00:00+00:00,34,1,42004177,30870.0,30936.75,30869.25,30934.25,4159,NQU6
2026-06-16 11:00:00+00:00,34,1,42004177,30932.75,30975.5,30923.5,30940.25,6620,NQU6
2026-06-16 12:00:00+00:00,34,1,42004177,30940.0,30952.75,30815.75,30826.25,15830,NQU6
2026-06-16 13:00:00+00:00,34,1,42004177,30826.0,30889.0,30750.75,30806.5,61497,NQU6
2026-06-16 14:00:00+00:00,34,1,42004177,30808.0,30858.5,30562.5,30602.75,84254,NQU6
2026-06-16 15:00:00+00:00,34,1,42004177,30601.0,30665.25,30407.75,30467.25,61879,NQU6
2026-06-16 16:00:00+00:00,34,1,42004177,30466.25,30575.0,30444.0,30496.5,41859,NQU6
2026-06-16 17:00:00+00:00,34,1,42004177,30495.5,30521.0,30401.75,30477.25,32446,NQU6
2026-06-16 18:00:00+00:00,34,1,42004177,30477.25,30496.5,30422.0,30443.0,24833,NQU6
2026-06-16 19:00:00+00:00,34,1,42004177,30443.25,30480.75,30302.25,30310.0,63868,NQU6
2026-06-16 20:00:00+00:00,34,1,42004177,30309.75,30330.5,30272.25,30300.5,19070,NQU6
2026-06-16 22:00:00+00:00,34,1,42004177,30306.5,30389.25,30306.5,30378.0,6987,NQU6
2026-06-16 23:00:00+00:00,34,1,42004177,30378.75,30380.0,30307.0,30329.0,5566,NQU6
2026-06-17 00:00:00+00:00,34,1,42004177,30330.5,30402.75,30330.5,30383.75,6239,NQU6
2026-06-17 01:00:00+00:00,34,1,42004177,30384.0,30449.75,30368.25,30446.25,5712,NQU6
2026-06-17 02:00:00+00:00,34,1,42004177,30447.25,30463.0,30432.5,30440.25,3891,NQU6
2026-06-17 03:00:00+00:00,34,1,42004177,30441.0,30469.75,30416.75,30466.75,3515,NQU6
2026-06-17 04:00:00+00:00,34,1,42004177,30465.75,30487.25,30447.0,30486.75,3239,NQU6
2026-06-17 05:00:00+00:00,34,1,42004177,30485.75,30526.5,30480.25,30500.25,4436,NQU6
2026-06-17 06:00:00+00:00,34,1,42004177,30501.25,30545.75,30484.5,30544.5,5128,NQU6
2026-06-17 07:00:00+00:00,34,1,42004177,30544.5,30579.75,30538.5,30559.25,5280,NQU6
2026-06-17 08:00:00+00:00,34,1,42004177,30560.5,30584.5,30464.5,30509.75,7916,NQU6
2026-06-17 09:00:00+00:00,34,1,42004177,30510.75,30526.5,30448.0,30463.0,5350,NQU6
2026-06-17 10:00:00+00:00,34,1,42004177,30462.75,30499.25,30418.5,30459.75,5927,NQU6
2026-06-17 11:00:00+00:00,34,1,42004177,30458.75,30492.25,30387.75,30416.0,6638,NQU6
2026-06-17 12:00:00+00:00,34,1,42004177,30416.75,30521.0,30415.5,30491.25,11034,NQU6
2026-06-17 13:00:00+00:00,34,1,42004177,30491.25,30542.25,30346.0,30347.75,61655,NQU6
2026-06-17 14:00:00+00:00,34,1,42004177,30346.0,30545.75,30284.75,30359.25,80046,NQU6
2026-06-17 15:00:00+00:00,34,1,42004177,30357.5,30458.5,30346.0,30450.0,39485,NQU6
2026-06-17 16:00:00+00:00,34,1,42004177,30450.0,30472.25,30396.25,30410.25,22118,NQU6
2026-06-17 17:00:00+00:00,34,1,42004177,30408.25,30484.75,30326.5,30466.75,25664,NQU6
2026-06-17 18:00:00+00:00,34,1,42004177,30465.5,30520.0,30070.25,30274.75,96430,NQU6
2026-06-17 19:00:00+00:00,34,1,42004177,30274.5,30370.0,29923.0,29994.75,97375,NQU6
2026-06-17 20:00:00+00:00,34,1,42004177,29995.0,30159.5,29993.0,30141.75,21917,NQU6
2026-06-17 22:00:00+00:00,34,1,42004177,30142.5,30259.0,30096.0,30236.5,9378,NQU6
2026-06-17 23:00:00+00:00,34,1,42004177,30236.25,30312.25,30225.0,30312.25,6721,NQU6
2026-06-18 00:00:00+00:00,34,1,42004177,30313.5,30432.25,30306.5,30368.25,15180,NQU6
2026-06-18 01:00:00+00:00,34,1,42004177,30367.75,30438.25,30363.25,30380.0,8632,NQU6
2026-06-18 02:00:00+00:00,34,1,42004177,30382.5,30430.75,30373.5,30400.25,4027,NQU6
2026-06-18 03:00:00+00:00,34,1,42004177,30401.5,30419.75,30370.0,30399.0,3955,NQU6
2026-06-18 04:00:00+00:00,34,1,42004177,30400.5,30405.5,30284.0,30342.0,7103,NQU6
2026-06-18 05:00:00+00:00,34,1,42004177,30341.0,30378.25,30325.0,30354.0,4812,NQU6
2026-06-18 06:00:00+00:00,34,1,42004177,30353.75,30434.5,30320.0,30419.5,7770,NQU6
2026-06-18 07:00:00+00:00,34,1,42004177,30419.5,30447.25,30382.5,30444.5,6065,NQU6
2026-06-18 08:00:00+00:00,34,1,42004177,30445.25,30500.0,30387.0,30396.25,10517,NQU6
2026-06-18 09:00:00+00:00,34,1,42004177,30397.5,30495.0,30387.5,30488.5,5682,NQU6
2026-06-18 10:00:00+00:00,34,1,42004177,30490.25,30494.75,30421.0,30434.75,6094,NQU6
2026-06-18 11:00:00+00:00,34,1,42004177,30435.75,30457.0,30355.0,30423.5,10639,NQU6
2026-06-18 12:00:00+00:00,34,1,42004177,30423.75,30538.0,30397.0,30514.75,13932,NQU6
2026-06-18 13:00:00+00:00,34,1,42004177,30514.0,30619.75,30391.0,30468.75,95091,NQU6
2026-06-18 14:00:00+00:00,34,1,42004177,30469.25,30660.75,30449.5,30623.5,83906,NQU6
2026-06-18 15:00:00+00:00,34,1,42004177,30623.75,30675.75,30496.25,30640.75,59450,NQU6
2026-06-18 16:00:00+00:00,34,1,42004177,30641.0,30707.75,30628.75,30684.75,43089,NQU6
2026-06-18 17:00:00+00:00,34,1,42004177,30685.5,30736.75,30656.25,30708.5,30295,NQU6
2026-06-18 18:00:00+00:00,34,1,42004177,30708.75,30718.75,30666.0,30690.75,27513,NQU6
2026-06-18 19:00:00+00:00,34,1,42004177,30690.75,30783.25,30645.25,30692.75,62769,NQU6
2026-06-18 20:00:00+00:00,34,1,42004177,30693.5,30748.0,30683.0,30726.5,22022,NQU6
2026-06-18 22:00:00+00:00,34,1,42004177,30740.0,30770.75,30650.0,30662.75,5602,NQU6
2026-06-18 23:00:00+00:00,34,1,42004177,30661.25,30703.25,30656.75,30692.5,3575,NQU6
2026-06-19 00:00:00+00:00,34,1,42004177,30690.0,30694.25,30628.0,30642.75,6027,NQU6
2026-06-19 01:00:00+00:00,34,1,42004177,30644.0,30664.75,30592.0,30594.5,4718,NQU6
2026-06-19 02:00:00+00:00,34,1,42004177,30594.25,30619.5,30575.0,30593.75,3205,NQU6
2026-06-19 03:00:00+00:00,34,1,42004177,30593.0,30606.5,30505.5,30518.5,4600,NQU6
2026-06-19 04:00:00+00:00,34,1,42004177,30520.25,30526.25,30405.0,30433.75,7083,NQU6
2026-06-19 05:00:00+00:00,34,1,42004177,30435.0,30483.5,30388.0,30481.0,5908,NQU6
2026-06-19 06:00:00+00:00,34,1,42004177,30482.5,30565.0,30479.5,30555.0,5145,NQU6
2026-06-19 07:00:00+00:00,34,1,42004177,30553.75,30633.0,30552.25,30630.0,4769,NQU6
2026-06-19 08:00:00+00:00,34,1,42004177,30630.0,30660.0,30608.0,30649.25,2965,NQU6
2026-06-19 09:00:00+00:00,34,1,42004177,30651.25,30666.0,30610.25,30626.0,3211,NQU6
2026-06-19 10:00:00+00:00,34,1,42004177,30628.75,30633.5,30539.0,30574.0,3930,NQU6
2026-06-19 11:00:00+00:00,34,1,42004177,30571.25,30601.75,30535.75,30591.75,4097,NQU6
2026-06-19 12:00:00+00:00,34,1,42004177,30592.5,30670.0,30525.25,30653.0,6338,NQU6
2026-06-19 13:00:00+00:00,34,1,42004177,30653.5,30695.75,30626.0,30682.25,10903,NQU6
2026-06-19 14:00:00+00:00,34,1,42004177,30680.25,30697.25,30648.0,30691.5,8556,NQU6
2026-06-19 15:00:00+00:00,34,1,42004177,30690.0,30705.0,30653.0,30684.0,7785,NQU6
2026-06-19 16:00:00+00:00,34,1,42004177,30684.5,30702.0,30640.0,30647.0,5093,NQU6
2026-06-21 22:00:00+00:00,34,1,42004177,30577.0,30616.75,30463.0,30522.25,11488,NQU6
2026-06-21 23:00:00+00:00,34,1,42004177,30520.75,30523.25,30337.5,30355.75,12908,NQU6
2026-06-22 00:00:00+00:00,34,1,42004177,30353.25,30624.5,30347.75,30616.75,14756,NQU6
2026-06-22 01:00:00+00:00,34,1,42004177,30620.0,30659.0,30603.5,30606.75,9337,NQU6
2026-06-22 02:00:00+00:00,34,1,42004177,30608.5,30626.0,30577.25,30583.5,5516,NQU6
2026-06-22 03:00:00+00:00,34,1,42004177,30585.25,30616.0,30545.0,30555.25,7043,NQU6
2026-06-22 04:00:00+00:00,34,1,42004177,30556.5,30592.25,30524.0,30582.75,6225,NQU6
2026-06-22 05:00:00+00:00,34,1,42004177,30582.75,30665.0,30571.25,30640.25,5398,NQU6
2026-06-22 06:00:00+00:00,34,1,42004177,30641.5,30742.25,30638.0,30736.75,7662,NQU6
2026-06-22 07:00:00+00:00,34,1,42004177,30737.25,30781.75,30733.5,30759.0,5929,NQU6
2026-06-22 08:00:00+00:00,34,1,42004177,30758.0,30765.5,30687.25,30731.25,7263,NQU6
2026-06-22 09:00:00+00:00,34,1,42004177,30730.75,30758.0,30699.0,30699.0,5240,NQU6
2026-06-22 10:00:00+00:00,34,1,42004177,30700.5,30766.75,30700.5,30720.0,6474,NQU6
2026-06-22 11:00:00+00:00,34,1,42004177,30720.25,30828.0,30710.75,30757.75,11294,NQU6
2026-06-22 12:00:00+00:00,34,1,42004177,30755.75,30844.75,30752.5,30800.5,9715,NQU6
2026-06-22 13:00:00+00:00,34,1,42004177,30801.0,30937.25,30756.75,30937.0,75492,NQU6
2026-06-22 14:00:00+00:00,34,1,42004177,30936.25,30968.0,30545.0,30639.0,100849,NQU6
2026-06-22 15:00:00+00:00,34,1,42004177,30639.75,30680.0,30541.25,30557.25,65963,NQU6
2026-06-22 16:00:00+00:00,34,1,42004177,30556.75,30615.25,30503.0,30589.5,41465,NQU6
2026-06-22 17:00:00+00:00,34,1,42004177,30589.25,30650.0,30532.0,30615.0,26555,NQU6
2026-06-22 18:00:00+00:00,34,1,42004177,30614.5,30665.0,30550.5,30558.5,26165,NQU6
2026-06-22 19:00:00+00:00,34,1,42004177,30560.5,30673.5,30534.5,30654.25,44389,NQU6
2026-06-22 20:00:00+00:00,34,1,42004177,30653.25,30677.75,30639.0,30662.5,16106,NQU6
2026-06-22 22:00:00+00:00,34,1,42004177,30662.75,30701.25,30566.5,30582.25,7830,NQU6
2026-06-22 23:00:00+00:00,34,1,42004177,30581.5,30588.5,30540.0,30575.0,5246,NQU6
2026-06-23 00:00:00+00:00,34,1,42004177,30574.25,30636.0,30461.25,30602.0,14194,NQU6
2026-06-23 01:00:00+00:00,34,1,42004177,30602.75,30616.25,30406.0,30459.75,14542,NQU6
2026-06-23 02:00:00+00:00,34,1,42004177,30462.25,30472.75,30389.0,30405.25,8747,NQU6
2026-06-23 03:00:00+00:00,34,1,42004177,30406.0,30412.5,30301.0,30400.0,11045,NQU6
2026-06-23 04:00:00+00:00,34,1,42004177,30400.75,30417.25,30231.0,30242.5,9975,NQU6
2026-06-23 05:00:00+00:00,34,1,42004177,30243.0,30268.75,30093.0,30108.5,14284,NQU6
2026-06-23 06:00:00+00:00,34,1,42004177,30107.25,30133.25,29950.0,29969.75,20712,NQU6
2026-06-23 07:00:00+00:00,34,1,42004177,29969.5,30054.25,29889.0,29909.0,18423,NQU6
2026-06-23 08:00:00+00:00,34,1,42004177,29909.5,29919.25,29776.0,29827.25,23857,NQU6
2026-06-23 09:00:00+00:00,34,1,42004177,29830.0,29933.75,29824.0,29886.25,14795,NQU6
2026-06-23 10:00:00+00:00,34,1,42004177,29887.25,29916.25,29752.0,29818.0,15095,NQU6
2026-06-23 11:00:00+00:00,34,1,42004177,29818.5,29884.0,29787.5,29873.25,17823,NQU6
2026-06-23 12:00:00+00:00,34,1,42004177,29872.0,29900.75,29706.5,29735.0,21776,NQU6
2026-06-23 13:00:00+00:00,34,1,42004177,29735.0,29934.75,29616.5,29926.0,99855,NQU6
2026-06-23 14:00:00+00:00,34,1,42004177,29926.5,30047.0,29812.5,29854.5,105207,NQU6
2026-06-23 15:00:00+00:00,34,1,42004177,29854.25,29886.25,29695.25,29797.75,64553,NQU6
2026-06-23 16:00:00+00:00,34,1,42004177,29798.0,29915.75,29790.25,29864.0,44094,NQU6
2026-06-23 17:00:00+00:00,34,1,42004177,29864.0,29896.5,29732.0,29733.0,37967,NQU6
2026-06-23 18:00:00+00:00,34,1,42004177,29732.75,29782.5,29577.25,29630.0,45182,NQU6
2026-06-23 19:00:00+00:00,34,1,42004177,29628.75,29753.0,29612.5,29650.5,77424,NQU6
2026-06-23 20:00:00+00:00,34,1,42004177,29650.25,29757.5,29633.25,29752.0,17251,NQU6
2026-06-23 22:00:00+00:00,34,1,42004177,29770.0,29803.5,29632.5,29680.0,10238,NQU6
2026-06-23 23:00:00+00:00,34,1,42004177,29680.0,29763.5,29585.5,29748.25,10416,NQU6
2026-06-24 00:00:00+00:00,34,1,42004177,29745.0,29891.75,29736.75,29846.5,15128,NQU6
2026-06-24 01:00:00+00:00,34,1,42004177,29848.25,29852.25,29761.0,29826.5,10761,NQU6
2026-06-24 02:00:00+00:00,34,1,42004177,29827.5,29838.5,29636.75,29637.75,10772,NQU6
2026-06-24 03:00:00+00:00,34,1,42004177,29638.5,29779.0,29616.5,29745.25,11118,NQU6
2026-06-24 04:00:00+00:00,34,1,42004177,29746.75,29790.0,29654.75,29784.5,6939,NQU6
2026-06-24 05:00:00+00:00,34,1,42004177,29784.5,29884.25,29780.0,29819.0,7739,NQU6
2026-06-24 06:00:00+00:00,34,1,42004177,29819.5,29866.0,29797.25,29822.75,5595,NQU6
2026-06-24 07:00:00+00:00,34,1,42004177,29824.25,29840.75,29764.5,29770.0,7076,NQU6
2026-06-24 08:00:00+00:00,34,1,42004177,29771.25,29866.25,29763.0,29820.0,6566,NQU6
2026-06-24 09:00:00+00:00,34,1,42004177,29819.25,29843.75,29755.0,29808.25,4522,NQU6
2026-06-24 10:00:00+00:00,34,1,42004177,29809.25,29851.0,29774.0,29794.75,5385,NQU6
2026-06-24 11:00:00+00:00,34,1,42004177,29794.75,29865.0,29734.0,29862.25,9673,NQU6
2026-06-24 12:00:00+00:00,34,1,42004177,29861.0,29872.75,29752.5,29762.0,9799,NQU6
2026-06-24 13:00:00+00:00,34,1,42004177,29764.25,29841.5,29562.25,29684.25,86397,NQU6
2026-06-24 14:00:00+00:00,34,1,42004177,29686.75,29893.25,29525.0,29891.0,82887,NQU6
2026-06-24 15:00:00+00:00,34,1,42004177,29891.25,29907.5,29700.0,29756.0,57443,NQU6
2026-06-24 16:00:00+00:00,34,1,42004177,29757.25,29806.25,29596.25,29606.5,45018,NQU6
2026-06-24 17:00:00+00:00,34,1,42004177,29606.5,29661.5,29364.75,29387.25,66854,NQU6
2026-06-24 18:00:00+00:00,34,1,42004177,29389.25,29563.5,29325.0,29345.25,57432,NQU6
2026-06-24 19:00:00+00:00,34,1,42004177,29346.0,29529.0,29264.75,29514.0,79876,NQU6
2026-06-24 20:00:00+00:00,34,1,42004177,29514.25,30157.75,29486.75,30095.25,62082,NQU6
2026-06-24 22:00:00+00:00,34,1,42004177,30089.75,30168.5,30046.25,30049.5,10618,NQU6
2026-06-24 23:00:00+00:00,34,1,42004177,30050.25,30135.25,30047.25,30096.75,5579,NQU6
2026-06-25 00:00:00+00:00,34,1,42004177,30097.0,30102.5,29936.0,29965.0,10210,NQU6
2026-06-25 01:00:00+00:00,34,1,42004177,29967.5,30031.0,29950.25,29998.75,7853,NQU6
2026-06-25 02:00:00+00:00,34,1,42004177,29997.5,30020.5,29924.5,29998.0,5933,NQU6
2026-06-25 03:00:00+00:00,34,1,42004177,29999.25,30045.25,29981.75,30032.75,5750,NQU6
2026-06-25 04:00:00+00:00,34,1,42004177,30034.75,30064.75,29998.5,30041.0,4553,NQU6
2026-06-25 05:00:00+00:00,34,1,42004177,30040.25,30121.25,30040.0,30089.25,6124,NQU6
2026-06-25 06:00:00+00:00,34,1,42004177,30091.0,30131.75,30077.5,30105.25,6956,NQU6
2026-06-25 07:00:00+00:00,34,1,42004177,30106.5,30186.5,30105.75,30181.75,7414,NQU6
2026-06-25 08:00:00+00:00,34,1,42004177,30182.0,30219.0,30111.0,30119.5,7941,NQU6
2026-06-25 09:00:00+00:00,34,1,42004177,30121.0,30158.0,30114.0,30131.0,4744,NQU6
2026-06-25 10:00:00+00:00,34,1,42004177,30131.75,30185.0,30125.75,30160.5,4847,NQU6
2026-06-25 11:00:00+00:00,34,1,42004177,30160.25,30193.0,30099.0,30131.25,7991,NQU6
2026-06-25 12:00:00+00:00,34,1,42004177,30130.25,30263.75,30117.0,30201.25,16558,NQU6
2026-06-25 13:00:00+00:00,34,1,42004177,30202.75,30214.75,29295.75,29316.0,116096,NQU6
2026-06-25 14:00:00+00:00,34,1,42004177,29316.75,29776.75,29306.5,29633.25,116557,NQU6
2026-06-25 15:00:00+00:00,34,1,42004177,29633.25,29761.5,29462.5,29659.75,62856,NQU6
2026-06-25 16:00:00+00:00,34,1,42004177,29661.75,29872.0,29586.5,29682.0,55970,NQU6
2026-06-25 17:00:00+00:00,34,1,42004177,29681.5,29811.0,29671.75,29794.5,40939,NQU6
2026-06-25 18:00:00+00:00,34,1,42004177,29793.75,29891.25,29678.75,29773.5,56382,NQU6
2026-06-25 19:00:00+00:00,34,1,42004177,29773.75,29777.5,29616.25,29749.5,53646,NQU6
2026-06-25 20:00:00+00:00,34,1,42004177,29748.75,29922.5,29747.75,29759.25,26238,NQU6
2026-06-25 22:00:00+00:00,34,1,42004177,29742.0,29761.25,29605.5,29678.25,10850,NQU6
2026-06-25 23:00:00+00:00,34,1,42004177,29678.75,29892.75,29666.25,29707.0,15334,NQU6
2026-06-26 00:00:00+00:00,34,1,42004177,29704.25,29772.75,29615.75,29636.0,12294,NQU6
2026-06-26 01:00:00+00:00,34,1,42004177,29638.0,29676.75,29461.75,29494.25,10832,NQU6
2026-06-26 02:00:00+00:00,34,1,42004177,29494.0,29506.0,29230.0,29265.25,14313,NQU6
2026-06-26 03:00:00+00:00,34,1,42004177,29267.25,29370.0,29160.5,29365.75,15347,NQU6
2026-06-26 04:00:00+00:00,34,1,42004177,29366.75,29386.75,29252.25,29270.0,11424,NQU6
2026-06-26 05:00:00+00:00,34,1,42004177,29270.75,29410.0,29255.5,29325.25,9219,NQU6
2026-06-26 06:00:00+00:00,34,1,42004177,29326.5,29535.25,29289.0,29503.75,11131,NQU6
2026-06-26 07:00:00+00:00,34,1,42004177,29502.25,29562.75,29435.0,29527.75,10302,NQU6
2026-06-26 08:00:00+00:00,34,1,42004177,29528.25,29557.75,29364.0,29399.5,8916,NQU6
2026-06-26 09:00:00+00:00,34,1,42004177,29400.75,29444.25,29344.0,29370.75,9415,NQU6
2026-06-26 10:00:00+00:00,34,1,42004177,29372.5,29400.25,29317.75,29361.5,5868,NQU6
2026-06-26 11:00:00+00:00,34,1,42004177,29363.25,29425.5,29304.75,29351.0,9072,NQU6
2026-06-26 12:00:00+00:00,34,1,42004177,29350.0,29450.0,29298.25,29315.25,13157,NQU6
2026-06-26 13:00:00+00:00,34,1,42004177,29317.25,29464.5,29181.5,29440.5,71666,NQU6
2026-06-26 14:00:00+00:00,34,1,42004177,29444.0,29665.25,29414.0,29501.75,74664,NQU6
2026-06-26 15:00:00+00:00,34,1,42004177,29505.25,29716.0,29408.75,29621.25,61132,NQU6
2026-06-26 16:00:00+00:00,34,1,42004177,29620.75,29645.5,29493.75,29612.25,39822,NQU6
2026-06-26 17:00:00+00:00,34,1,42004177,29612.0,29700.0,29535.75,29544.0,33346,NQU6
2026-06-26 18:00:00+00:00,34,1,42004177,29545.25,29582.0,29388.75,29415.5,33147,NQU6
2026-06-26 19:00:00+00:00,34,1,42004177,29417.0,29569.5,29283.75,29316.0,58953,NQU6
2026-06-26 20:00:00+00:00,34,1,42004177,29318.0,29410.0,29255.0,29283.0,32991,NQU6
2026-06-28 22:00:00+00:00,34,1,42004177,29282.5,29598.75,29280.25,29560.5,12218,NQU6
2026-06-28 23:00:00+00:00,34,1,42004177,29558.25,29683.25,29548.75,29617.0,8562,NQU6
2026-06-29 00:00:00+00:00,34,1,42004177,29621.0,29622.0,29363.25,29494.0,18576,NQU6
2026-06-29 01:00:00+00:00,34,1,42004177,29494.0,29558.25,29420.25,29516.25,9482,NQU6
2026-06-29 02:00:00+00:00,34,1,42004177,29518.5,29544.25,29389.0,29523.25,7118,NQU6
2026-06-29 03:00:00+00:00,34,1,42004177,29525.75,29605.75,29482.25,29593.0,6631,NQU6
2026-06-29 04:00:00+00:00,34,1,42004177,29592.0,29593.25,29505.0,29518.0,5564,NQU6
2026-06-29 05:00:00+00:00,34,1,42004177,29520.0,29672.25,29491.5,29670.75,7069,NQU6
2026-06-29 06:00:00+00:00,34,1,42004177,29670.25,29684.75,29590.0,29631.5,6982,NQU6
2026-06-29 07:00:00+00:00,34,1,42004177,29631.5,29698.5,29575.75,29664.25,6296,NQU6
2026-06-29 08:00:00+00:00,34,1,42004177,29663.5,29732.75,29652.75,29660.25,6770,NQU6
2026-06-29 09:00:00+00:00,34,1,42004177,29658.75,29688.25,29620.0,29664.0,5169,NQU6
2026-06-29 10:00:00+00:00,34,1,42004177,29666.25,29746.0,29666.25,29740.5,6218,NQU6
2026-06-29 11:00:00+00:00,34,1,42004177,29742.25,29759.75,29683.5,29705.5,7446,NQU6
2026-06-29 12:00:00+00:00,34,1,42004177,29705.25,29739.25,29650.25,29705.0,7432,NQU6
2026-06-29 13:00:00+00:00,34,1,42004177,29705.75,29840.0,29557.0,29617.75,63315,NQU6
2026-06-29 14:00:00+00:00,34,1,42004177,29618.75,29716.5,29273.75,29713.75,103922,NQU6
2026-06-29 15:00:00+00:00,34,1,42004177,29714.25,29847.25,29659.25,29838.75,55071,NQU6
2026-06-29 16:00:00+00:00,34,1,42004177,29839.75,29932.5,29834.25,29915.5,38599,NQU6
2026-06-29 17:00:00+00:00,34,1,42004177,29916.0,30038.25,29915.75,30003.5,35179,NQU6
2026-06-29 18:00:00+00:00,34,1,42004177,30004.0,30069.5,29986.5,30032.25,29217,NQU6
2026-06-29 19:00:00+00:00,34,1,42004177,30032.75,30069.0,29973.75,30046.25,52970,NQU6
2026-06-29 20:00:00+00:00,34,1,42004177,30046.75,30051.75,29991.25,29995.0,16211,NQU6
2026-06-29 22:00:00+00:00,34,1,42004177,30007.25,30035.5,29970.25,30012.25,5603,NQU6
2026-06-29 23:00:00+00:00,34,1,42004177,30011.25,30054.0,30006.0,30041.0,4216,NQU6
